{"btb_address_bits_more_detailed": {"Number of address bits for set": {"early": [[1.0177], [1.0173999999999999], [1.01875], [1.0181499999999999], [1.0180500000000001], [1.0181499999999999], [1.0482], [1.0484], [1.5736], [1.04815], [1.0485], [1.0843], [1.0478], [1.5769], [1.048]], "resteer": [[0.00015], [0.0002], [0.00015], [0.0002], [0.00015], [0.00015], [0.00015], [0.00025], [0.00025], [0.00015], [0.00015], [0.00015], [0.0002], [0.00015], [0.00015]], "mispred": [[0.0052], [0.0052], [0.0052], [0.00525], [0.00525], [0.00525], [0.00525], [0.00515], [0.00525], [0.0052], [0.0052], [0.0052], [0.0052], [0.00525], [0.00515]], "late": [[0.0182], [0.0178], [0.0202], [0.020099999999999996], [0.0175], [0.0199], [0.0072], [0.0072499999999999995], [0.6059], [0.0073], [0.006999999999999999], [0.05934999999999999], [0.00905], [0.6006], [0.00815]]}}}