{"btb_address_bits_more_detailed": {"Number of address bits for set": {"early": [[0.9603], [0.99655], [0.9575], [0.7191500000000001], [1.0044], [1.00455], [1.0044], [1.0046], [1.0039], [1.05105], [1.01725], [1.04835], [1.0175], [1.0178]], "resteer": [[0.00015], [0.00025], [0.00025], [0.0003], [0.00015], [0.0002], [0.00015], [0.00015], [0.00015], [0.00025], [0.00025], [0.00015], [0.0002], [0.00015]], "mispred": [[0.00525], [0.0052], [0.0052], [0.00515], [0.0052], [0.0052], [0.00525], [0.0052], [0.00525], [0.0051], [0.0051], [0.0053], [0.00525], [0.00525]], "late": [[0.08349999999999999], [0.12685000000000002], [0.07775], [0.4963], [0.005699999999999999], [0.00575], [0.00545], [0.021], [0.0175], [0.009649999999999999], [0.00755], [0.0121], [0.01825], [0.0181]]}}}