{"btb_address_bits": {"Number of address bits for set": {"early": [[1.3858333333333333, 0.2616, 0.23536], [0.5064333333333334, 0.262575, 0.21004], [0.7157, 0.271125, 0.40456], [0.5229666666666666, 0.26865, 0.2084], [0.7997333333333333, 0.63465, 0.20504], [0.7694333333333334, 0.6597750000000001, 0.70068], [0.8884333333333333, 0.7922499999999999, 0.8495], [0.8369333333333334, 0.7938, 0.23162], [0.8367666666666667, 0.793875, 0.23524], [0.8374333333333333, 0.793925, 0.2352], [0.8372666666666667, 0.79375, 0.2332], [0.8341, 0.7931, 0.23534], [0.8890333333333332, 0.794025, 0.39966], [0.8359333333333333, 1.10315, 0.2243], [0.9161333333333332, 0.829175, 0.08993999999999999], [0.9158666666666666, 0.8290000000000001, 0.39827999999999997], [0.9158333333333334, 0.8293, 0.30201999999999996], [0.9160333333333334, 0.8293, 0.29566000000000003], [0.9159333333333333, 0.8296250000000001, 0.06706000000000001], [0.9506333333333333, 0.825525, 0.29758], [0.9160999999999999, 0.82015, 0.39827999999999997], [0.9168333333333334, 0.829425, 0.06704]], "resteer": [[0.00013333333333333334, 0.000125, 0.00011999999999999999], [0.0001666666666666667, 0.000125, 0.00011999999999999999], [0.00019999999999999998, 0.00025, 0.00014000000000000001], [0.00019999999999999998, 0.00017500000000000003, 0.00011999999999999999], [0.00013333333333333334, 0.00017500000000000003, 0.00011999999999999999], [0.0001666666666666667, 0.000125, 0.00014000000000000001], [0.00013333333333333334, 0.000125, 0.00014000000000000001], [0.00013333333333333334, 0.00015, 0.2056], [0.00019999999999999998, 0.000125, 0.2015], [0.00019999999999999998, 0.000125, 0.20154], [0.00013333333333333334, 0.000125, 0.2061], [0.00013333333333333334, 0.00035000000000000005, 0.20156], [0.00013333333333333334, 0.00017500000000000003, 0.20214], [0.00019999999999999998, 0.0002, 0.20082], [0.00013333333333333334, 0.00017500000000000003, 0.20678], [0.00013333333333333334, 0.000125, 0.20113999999999999], [0.00019999999999999998, 0.00017500000000000003, 0.30212], [0.00013333333333333334, 0.000125, 0.2021], [0.0001666666666666667, 0.00015, 0.2012], [0.00013333333333333334, 0.000125, 0.2021], [0.00019999999999999998, 0.007625, 0.20118], [0.00013333333333333334, 0.00015, 0.20118]], "mispred": [[0.003466666666666667, 0.0026, 0.0020800000000000003], [0.0035, 0.002575, 0.00206], [0.0034333333333333334, 0.00255, 0.00206], [0.0034000000000000002, 0.002575, 0.00212], [0.0035, 0.002575, 0.0020800000000000003], [0.0034000000000000002, 0.002575, 0.00204], [0.003466666666666667, 0.0026, 0.00206], [0.003466666666666667, 0.0026, 0.00206], [0.0034000000000000002, 0.002625, 0.0020800000000000003], [0.0034333333333333334, 0.002625, 0.0020800000000000003], [0.003466666666666667, 0.0026, 0.0020800000000000003], [0.003466666666666667, 0.002625, 0.0021000000000000003], [0.0034333333333333334, 0.00255, 0.00206], [0.0035, 0.0026, 0.0021000000000000003], [0.0034333333333333334, 0.00255, 0.00206], [0.003466666666666667, 0.0026, 0.0021000000000000003], [0.0034000000000000002, 0.00255, 0.00206], [0.0035333333333333336, 0.0026, 0.00206], [0.0034000000000000002, 0.002575, 0.00206], [0.0034333333333333334, 0.0026, 0.0020800000000000003], [0.003466666666666667, 0.0026, 0.0020800000000000003], [0.003466666666666667, 0.0026, 0.00206]], "late": [[0.4087, 0.012225, 0.0070599999999999994], [0.17243333333333333, 0.003, 0.00038], [0.1716, 0.052725, 0.00268], [0.20636666666666664, 0.0036249999999999998, 0.005900000000000001], [0.17036666666666667, 0.27897500000000003, 0.22272], [0.11746666666666668, 0.03515, 0.05884], [0.18056666666666668, 0.047424999999999995, 0.0887], [0.1738, 0.044725, 0.27914], [0.17403333333333335, 0.044425, 0.24446], [0.17413333333333333, 0.04425, 0.24372], [0.1737, 0.044725, 0.27674], [0.17636666666666664, 0.045175, 0.24974000000000002], [0.1801, 0.043875000000000004, 0.5063], [0.17546666666666666, 0.4968, 0.2132], [0.16343333333333335, 0.255375, 0.42452], [0.11406666666666666, 0.253475, 0.28174], [0.11416666666666667, 0.25275, 0.40606], [0.11386666666666666, 0.25275, 0.60952], [0.11386666666666666, 0.2525, 0.54422], [0.14613333333333334, 0.2541, 0.6077], [0.11366666666666667, 0.30815000000000003, 0.28122], [0.1162, 0.2527, 0.54404]]}}}