{"btb_3_new_regs": {"Test new registers": {"CondBrR": [[12.0, 23.0, 34.0, 45.0, 56.0, 67.0, 78.0, 89.0, 100.0], [12.0, 23.0, 34.0, 45.0, 56.0, 67.0, 78.0, 89.0, 100.0], [12.0, 23.0, 34.0, 45.0, 56.0, 67.0, 78.0, 89.0, 100.0], [12.0, 23.0, 34.0, 45.0, 56.0, 67.0, 78.0, 89.0, 100.0], [12.0, 23.0, 34.0, 45.0, 56.0, 67.0, 78.0, 89.0, 100.0], [12.0, 23.0, 34.0, 45.0, 56.0, 67.0, 78.0, 89.0, 100.0], [12.0, 23.0, 34.0, 45.0, 56.0, 67.0, 78.0, 89.0, 100.0], [12.0, 23.0, 34.0, 45.0, 56.0, 67.0, 78.0, 89.0, 100.0], [12.0, 23.0, 34.0, 45.0, 56.0, 67.0, 78.0, 89.0, 100.0], [12.0, 23.0, 34.0, 45.0, 56.0, 67.0, 78.0, 89.0, 100.0]], "NotTknBrR": [[2.01, 4.01, 6.01, 8.01, 10.01, 12.01, 14.01, 16.01, 18.01], [2.01, 4.01, 6.01, 8.01, 10.01, 12.01, 14.01, 16.01, 18.01], [2.01, 4.01, 6.01, 8.01, 10.01, 12.01, 14.01, 16.01, 18.01], [2.01, 4.01, 6.01, 8.01, 10.01, 12.01, 14.01, 16.01, 18.01], [2.01, 4.01, 6.01, 8.01, 10.01, 12.01, 14.01, 16.01, 18.01], [2.01, 4.01, 6.01, 8.01, 10.01, 12.01, 14.01, 16.01, 18.01], [2.01, 4.01, 6.01, 8.01, 10.01, 12.01, 14.01, 16.01, 18.01], [2.01, 4.01, 6.01, 8.01, 10.01, 12.01, 14.01, 16.01, 18.01], [2.01, 4.01, 6.01, 8.01, 10.01, 12.01, 14.01, 16.01, 18.01], [2.01, 4.01, 6.01, 8.01, 10.01, 12.01, 14.01, 16.01, 18.01]], "BaClrAny": [[0.0014000000000000002, 0.0022, 0.0026, 0.0033, 0.0038, 0.0052, 0.005600000000000001, 0.0063, 0.0066], [0.001, 0.0022, 0.0024, 0.003, 0.0037, 0.0051, 0.005699999999999999, 0.0053, 0.0067], [0.0011, 0.0018, 0.0023, 0.0029, 0.004, 0.0040999999999999995, 0.0049, 0.0054, 0.006500000000000001], [0.0012, 0.0022, 0.0023, 0.003, 0.0034999999999999996, 0.004699999999999999, 0.0058, 0.0053, 0.0059], [0.001, 0.0017000000000000001, 0.0025, 0.0042, 0.0034999999999999996, 0.005699999999999999, 0.0054, 0.0062, 0.0064], [0.001, 0.0017000000000000001, 0.0024, 0.0029, 0.0034999999999999996, 0.004699999999999999, 0.0049, 0.0067, 0.0060999999999999995], [0.0012, 0.0018, 0.0028000000000000004, 0.0034000000000000002, 0.0037, 0.0043, 0.0064, 0.0075, 0.0060999999999999995], [0.001, 0.0019, 0.0028000000000000004, 0.003, 0.004, 0.0043, 0.0054, 0.0068000000000000005, 0.0069], [0.0012, 0.0023, 0.0037, 0.004, 0.0055000000000000005, 0.0044, 0.0055000000000000005, 0.0064, 0.0069], [0.0012, 0.002, 0.0022, 0.0040999999999999995, 0.0033, 0.004, 0.005600000000000001, 0.0053, 0.0063]], "AllBrR": [[14.0, 27.0, 40.0, 53.0, 66.0, 79.0001, 92.0, 105.0, 118.0], [14.0, 27.0, 40.0, 53.0, 66.0, 79.0001, 92.0, 105.0, 118.0], [14.0, 27.0, 40.0, 53.0, 66.0, 79.0, 92.0, 105.0, 118.0], [14.0, 27.000100000000003, 40.0, 53.0001, 66.0, 79.0, 92.0, 105.0, 118.0001], [14.0, 27.0, 40.0, 53.0, 66.0, 79.0, 92.0, 105.0, 118.0], [14.0, 27.0, 40.0, 53.0, 66.0, 79.0, 92.0, 105.0001, 118.0], [14.0001, 27.0, 40.0, 53.0, 66.0, 79.0, 92.0, 105.0, 118.0], [14.0, 27.0, 40.0, 53.0, 66.0, 79.0, 92.0, 105.0, 118.0], [14.0, 27.0, 40.0, 53.0, 66.0, 79.0, 92.0, 105.0001, 118.0], [14.0, 27.0, 40.0, 53.0, 66.0, 79.0, 92.0, 105.0, 118.0]]}}}