{"btb_4_new_regs": {"Test new registers": {"TknBrExe": [[9.99, 18.99, 27.99, 36.99, 45.99, 54.99, 63.99, 72.99, 81.99], [9.99, 18.99, 27.99, 36.99, 45.99, 54.99, 63.99, 72.991, 81.99], [9.99, 18.99, 27.99, 36.99, 45.99, 54.99, 63.9903, 72.99, 81.99], [9.99, 18.99, 27.99, 36.99, 45.99, 54.99, 63.99, 72.99, 81.9913], [9.99, 18.99, 27.99, 36.99, 45.99, 54.99, 63.99, 72.9913, 81.99], [9.99, 18.99, 27.99, 36.99, 45.99, 54.99, 63.99, 72.99, 81.99], [9.99, 18.99, 27.99, 36.99, 45.99, 54.99, 63.99, 72.99, 81.99], [9.99, 18.99, 27.99, 36.99, 45.99, 54.99, 63.99, 72.99, 81.99], [9.99, 18.99, 27.99, 36.99, 45.99, 54.99, 63.99, 72.99, 81.99], [9.99, 18.99, 27.99, 36.99, 45.99, 54.9906, 63.99, 72.99, 81.99]], "MispCond": [[0.011200000000000002, 0.0144, 0.0124, 0.028399999999999998, 0.013500000000000002, 0.023399999999999997, 0.0144, 0.015700000000000002, 0.0397], [0.0111, 0.013600000000000001, 0.011899999999999999, 0.0124, 0.013300000000000001, 0.024399999999999998, 0.0158, 0.0148, 0.0225], [0.0111, 0.0127, 0.0123, 0.0126, 0.0134, 0.0147, 0.0341, 0.023799999999999998, 0.032799999999999996], [0.011200000000000002, 0.0115, 0.011699999999999999, 0.0381, 0.0321, 0.027200000000000002, 0.0139, 0.0316, 0.044199999999999996], [0.011200000000000002, 0.016399999999999998, 0.0196, 0.031400000000000004, 0.0233, 0.0255, 0.0403, 0.046799999999999994, 0.0669], [0.011899999999999999, 0.0208, 0.0245, 0.021, 0.050199999999999995, 0.043, 0.028300000000000002, 0.0438, 0.04190000000000001], [0.0111, 0.011200000000000002, 0.0173, 0.0125, 0.023, 0.0159, 0.0147, 0.0151, 0.0493], [0.0113, 0.011899999999999999, 0.0121, 0.0206, 0.0129, 0.0235, 0.0273, 0.028900000000000002, 0.035699999999999996], [0.0109, 0.0155, 0.011899999999999999, 0.0125, 0.0318, 0.0137, 0.015, 0.0152, 0.0479], [0.0111, 0.0191, 0.0219, 0.0125, 0.0371, 0.0159, 0.0274, 0.0159, 0.024300000000000002]], "MispMacro": [[0.011200000000000002, 0.0144, 0.0124, 0.028399999999999998, 0.013500000000000002, 0.023399999999999997, 0.0144, 0.015700000000000002, 0.0397], [0.0111, 0.013600000000000001, 0.011899999999999999, 0.0124, 0.013300000000000001, 0.024399999999999998, 0.0158, 0.0148, 0.0225], [0.0111, 0.0127, 0.0123, 0.0126, 0.0134, 0.0147, 0.0341, 0.023799999999999998, 0.032799999999999996], [0.011200000000000002, 0.0115, 0.011699999999999999, 0.0381, 0.0321, 0.027200000000000002, 0.0139, 0.0316, 0.044199999999999996], [0.011200000000000002, 0.016399999999999998, 0.0196, 0.031400000000000004, 0.0233, 0.0255, 0.0403, 0.046799999999999994, 0.0669], [0.011899999999999999, 0.0208, 0.0245, 0.021, 0.050199999999999995, 0.043, 0.028300000000000002, 0.0438, 0.04190000000000001], [0.0111, 0.011200000000000002, 0.0173, 0.0125, 0.023, 0.0159, 0.0147, 0.0151, 0.0493], [0.0113, 0.011899999999999999, 0.0121, 0.0206, 0.0129, 0.0235, 0.0273, 0.028900000000000002, 0.035699999999999996], [0.0109, 0.0155, 0.011899999999999999, 0.0125, 0.0318, 0.0137, 0.015, 0.0152, 0.0479], [0.0111, 0.0191, 0.0219, 0.0125, 0.0371, 0.0159, 0.0274, 0.0159, 0.024300000000000002]], "NTknBrExe": [[2.01, 2.4078999999999997, 3.8453, 4.8138, 4.8913, 6.9663, 6.1109, 5.7249, 8.3963], [2.01, 2.8514999999999997, 3.1433999999999997, 4.4009, 4.9897, 5.6854, 6.2386, 6.8404, 8.3224], [2.01, 2.4774000000000003, 4.0044, 3.5376, 3.8272000000000004, 5.774299999999999, 6.216799999999999, 7.157, 7.2298], [2.01, 3.0101, 3.0425, 4.1326, 4.0807, 4.7645, 6.351699999999999, 6.548500000000001, 7.3755], [2.01, 2.0202, 2.0428, 2.4063999999999997, 2.3926, 3.3805, 2.4428, 2.5237, 2.5263999999999998], [2.0101, 2.0284, 2.0553, 2.3787000000000003, 2.4422, 2.4431, 2.3803, 2.4429, 2.4372], [2.01, 2.0115, 2.026, 2.3455, 2.3895, 2.3635, 2.3538, 4.0218, 2.4684], [2.0101, 2.0111000000000003, 2.0114, 2.38, 2.3480000000000003, 2.3765, 2.4008000000000003, 4.067699999999999, 2.4115], [2.01, 2.0203, 2.019, 2.3485, 2.7066000000000003, 3.3388, 2.4055, 4.2461, 2.4576], [2.01, 2.0277000000000003, 2.0362999999999998, 2.3449, 2.4026, 2.7649, 4.0626, 4.124700000000001, 5.1135]]}}}