{"btb_unconditional": {"Loop test": {"early": [[0.21806, 0.024050000000000002, 0.0, 0.0, 0.0, 0.0, 0.0, 0.0, 0.0, 0.0, 0.0], [0.21718, 0.0, 0.0, 0.0, 0.0, 0.0, 0.0, 2.5e-06, 0.0, 0.0, 0.0], [0.37398000000000003, 0.0, 0.0006666666666666666, 0.01042, 4e-06, 0.03395, 0.014257142857142857, 0.011872500000000001, 0.00020888888888888888, 0.017284, 1.8181818181818183e-06], [0.56096, 0.54367, 0.4395466666666667, 0.23501, 0.197148, 0.21967333333333333, 0.25505428571428573, 0.2051125, 0.24033777777777776, 0.224356, 0.2623781818181818], [1.076, 0.8029, 0.6689933333333333, 0.48243, 0.515676, 0.5185266666666667, 0.53928, 0.5389325, 0.5531311111111111, 0.550786, 0.5554672727272728], [1.0583399999999998, 0.78467, 0.6419066666666666, 0.48979, 0.5343760000000001, 0.41288, 0.40213714285714286, 0.4012875, 0.3794444444444444, 0.38024, 0.3766745454545455], [0.99974, 0.78131, 0.34058, 0.20465, 0.101452, 0.10493000000000001, 0.11848285714285714, 0.07891500000000001, 0.06929555555555555, 0.082426, 0.08100545454545455], [0.9960399999999999, 0.7829299999999999, 0.3395933333333333, 0.181475, 0.165932, 0.20137, 0.1366942857142857, 0.1510375, 0.21964, 0.284098, 0.3125309090909091], [0.9966799999999999, 0.7782100000000001, 0.3073133333333333, 0.20488499999999998, 0.311408, 0.50576, 0.5164514285714286, 0.4325675, 0.40634, 0.416088, 0.37916545454545453], [0.9927999999999999, 0.73605, 0.38204, 0.36650499999999997, 0.402192, 0.3843066666666667, 0.30004285714285717, 0.2604475, 0.2189911111111111, 0.180738, 0.13444727272727272], [0.95998, 0.67504, 0.42223333333333335, 0.21603, 0.167812, 0.15453666666666668, 0.10146000000000001, 0.0858, 0.006728888888888889, 0.0, 0.0], [0.97238, 0.71938, 0.45748666666666665, 0.219985, 0.11726800000000001, 0.0, 0.0, 0.0, 0.0, 0.0, 0.0], [1.0122, 0.7784500000000001, 0.13368666666666668, 2.9999999999999997e-05, 0.0, 0.0, 0.0, 0.0, 0.0, 0.0, 0.0], [1.0133400000000001, 0.10195, 0.0, 0.0, 0.0, 0.0, 0.0, 0.0, 0.0, 0.0, 0.0], [1.01274, 0.0, 0.0, 0.0, 0.0, 0.0, 0.0, 0.0, 0.0, 0.0, 0.0], [1.01322, 0.0, 2.6666666666666667e-05, 0.0, 0.0, 0.0, 0.0, 0.0, 0.0, 0.0, 0.0], [1.0138, 0.0, 0.0, 0.0, 0.0, 0.0, 0.0, 0.0, 0.0, 0.0, 0.0]], "resteer": [[5.99, 10.99, 15.99, 20.99, 25.99, 30.99, 35.99, 40.99, 45.99, 50.99, 55.99], [5.99, 10.99, 15.99, 20.99, 25.99, 30.99, 35.99, 40.99, 45.99, 50.99, 55.99], [5.99, 10.99, 15.99, 20.99, 25.99, 30.99, 35.99, 40.99, 45.99, 50.99, 55.99], [5.99, 10.99, 15.99, 20.99, 25.99, 30.99, 35.99, 40.99, 45.99, 50.99, 55.99], [5.99, 10.99, 15.99, 20.99, 25.99, 30.99, 35.99, 40.99, 45.99, 50.99, 55.99], [5.99, 10.99, 15.99, 20.99, 25.99, 30.99, 35.99, 40.99, 45.99, 50.99, 55.99], [5.99, 10.99, 15.99, 20.99, 25.99, 30.99, 35.99, 40.99, 45.99, 50.99, 55.99], [5.99, 10.99, 15.99, 20.99, 25.99, 30.99, 35.99, 40.99, 45.99, 50.99, 55.99], [5.99, 10.99, 15.99, 20.99, 25.99, 30.99, 35.99, 40.99, 45.99, 50.99, 55.99], [5.99, 10.99, 15.99, 20.99, 25.99, 30.99, 35.99, 40.99, 45.99, 50.99, 55.99], [5.99, 10.99, 15.99, 20.99, 25.99, 30.99, 35.99, 40.99, 45.99, 50.99, 55.99], [5.99, 10.99, 15.99, 20.99, 25.99, 30.99, 35.99, 40.99, 45.99, 50.99, 55.99], [5.99, 10.99, 15.99, 20.99, 25.99, 30.99, 35.99, 40.99, 45.99, 50.99, 55.99], [5.99, 10.99, 15.99, 20.99, 25.99, 30.99, 35.99, 40.99, 45.99, 50.99, 55.99], [5.99, 10.99, 15.99, 20.99, 25.99, 30.99, 35.99, 40.99, 45.99, 50.99, 55.99], [5.99, 10.99, 15.99, 20.99, 25.99, 30.99, 35.99, 40.99, 45.99, 50.99, 55.99], [5.99, 10.99, 15.99, 20.99, 25.99, 30.99, 35.99, 40.99, 45.99, 50.99, 55.99]], "mispred": [[0.0021000000000000003, 0.00103, 0.0006866666666666667, 0.000515, 0.000408, 0.00034, 0.00029428571428571427, 0.000255, 0.0002288888888888889, 0.000206, 0.00018545454545454545], [0.0020800000000000003, 0.0010400000000000001, 0.0006933333333333333, 0.000515, 0.000412, 0.00034333333333333335, 0.00029142857142857144, 0.0002575, 0.0002288888888888889, 0.000204, 0.00018545454545454545], [0.0021000000000000003, 0.00102, 0.00068, 0.0005250000000000001, 0.00041600000000000003, 0.00034333333333333335, 0.00029142857142857144, 0.000255, 0.00022666666666666668, 0.000204, 0.00018545454545454545], [0.0020800000000000003, 0.00103, 0.0006933333333333333, 0.00051, 0.00041600000000000003, 0.00034666666666666667, 0.00029142857142857144, 0.0002575, 0.00022666666666666668, 0.000206, 0.00018727272727272728], [0.0021000000000000003, 0.00103, 0.0006933333333333333, 0.00051, 0.000408, 0.00034333333333333335, 0.00029428571428571427, 0.000255, 0.0002288888888888889, 0.000206, 0.00018727272727272728], [0.0020800000000000003, 0.00102, 0.0006933333333333333, 0.000515, 0.000408, 0.00034333333333333335, 0.00029428571428571427, 0.00026250000000000004, 0.00023333333333333333, 0.00021, 0.00018727272727272728], [0.00212, 0.00102, 0.00068, 0.00051, 0.000412, 0.00034, 0.00029714285714285715, 0.0002575, 0.00022666666666666668, 0.000204, 0.00018727272727272728], [0.0021000000000000003, 0.00103, 0.0006866666666666667, 0.0005200000000000001, 0.000412, 0.00034333333333333335, 0.00029428571428571427, 0.00026250000000000004, 0.00022666666666666668, 0.000206, 0.0001890909090909091], [0.0020800000000000003, 0.00103, 0.0006866666666666667, 0.00051, 0.00042, 0.00034, 0.00029142857142857144, 0.0002575, 0.0002288888888888889, 0.000204, 0.0001890909090909091], [0.0020800000000000003, 0.0010400000000000001, 0.0006866666666666667, 0.0005200000000000001, 0.000412, 0.00034333333333333335, 0.00029142857142857144, 0.0002575, 0.00022666666666666668, 0.000206, 0.00018727272727272728], [0.0021000000000000003, 0.0010400000000000001, 0.0006866666666666667, 0.00051, 0.000412, 0.00034333333333333335, 0.00029428571428571427, 0.000255, 0.00022666666666666668, 0.000204, 0.00018545454545454545], [0.0021000000000000003, 0.00102, 0.0007, 0.00051, 0.000412, 0.00034, 0.00030000000000000003, 0.00026250000000000004, 0.00023333333333333333, 0.000206, 0.00018545454545454545], [0.0021000000000000003, 0.00102, 0.0006866666666666667, 0.0005200000000000001, 0.00041600000000000003, 0.00034333333333333335, 0.00029428571428571427, 0.0002575, 0.0002288888888888889, 0.000204, 0.00018727272727272728], [0.0020800000000000003, 0.0010400000000000001, 0.0006866666666666667, 0.000515, 0.000408, 0.00034333333333333335, 0.00029428571428571427, 0.0002575, 0.00023333333333333333, 0.000204, 0.00018727272727272728], [0.00206, 0.00103, 0.0006866666666666667, 0.000515, 0.000412, 0.00035, 0.00029428571428571427, 0.00026000000000000003, 0.00023333333333333333, 0.000206, 0.0001890909090909091], [0.00206, 0.0010400000000000001, 0.0006866666666666667, 0.0005200000000000001, 0.00042, 0.00034333333333333335, 0.00029428571428571427, 0.0002575, 0.00024, 0.00020800000000000001, 0.00018545454545454545], [0.0021000000000000003, 0.00102, 0.0007, 0.0005200000000000001, 0.000404, 0.00033666666666666665, 0.00028857142857142856, 0.0002525, 0.00022666666666666668, 0.000204, 0.00018545454545454545]],