{"btb_nb_ways3": {"NB ways test 3": {"early": [[1.0093, 1.0089, 1.0117666666666665, 0.9236, 0.96734, 0.88395, 0.9577142857142856, 0.9733625, 0.8440111111111112, 0.20186, 0.09161818181818182, 0.0, 0.0, 0.0, 0.0, 0.0, 0.0, 0.0, 0.0, 0.0, 0.0, 0.0, 0.0, 0.0], [1.0090999999999999, 1.0083499999999999, 1.0116, 0.92405, 0.966, 3.3333333333333335e-05, 1.4285714285714285e-05, 0.0, 0.0, 0.0, 0.0, 0.0, 0.0, 0.0, 0.0, 0.0, 0.0, 0.0, 0.0, 0.0, 0.0, 0.0, 0.0, 0.0]], "resteer": [[0.0002, 0.0002, 0.0001666666666666667, 0.00015, 0.00014000000000000001, 0.00013333333333333334, 0.00014285714285714287, 0.0001375, 0.00013333333333333334, 0.10213, 0.2292181818181818, 0.752725, 0.9268846153846154, 0.9324357142857144, 0.9379066666666666, 0.9419875000000001, 0.9457764705882352, 0.9488666666666666, 0.9515315789473685, 0.9538, 0.9559904761904762, 0.957931818181818, 0.9598695652173912, 0.9608916666666666], [0.0002, 0.0002, 0.00019999999999999998, 0.00017500000000000003, 0.0002, 0.2801166666666667, 0.29318571428571427, 0.596625, 0.8945555555555555, 0.90598, 0.9155, 0.9225833333333333, 0.9286307692307693, 0.9340357142857143, 0.9386733333333334, 0.94245625, 0.9448529411764706, 0.9472888888888888, 0.9500157894736841, 0.953005, 0.9544619047619047, 0.9575136363636364, 0.9585130434782608, 0.9602208333333334]], "mispred": [[0.0106, 0.00515, 0.003466666666666667, 0.002625, 0.0021000000000000003, 0.0017166666666666667, 0.0014714285714285714, 0.0013, 0.0011444444444444445, 0.00103, 0.0009454545454545454, 0.0008666666666666667, 0.0007923076923076923, 0.00075, 0.00068, 0.00065, 0.000611764705882353, 0.0005666666666666667, 0.0005473684210526316, 0.0005200000000000001, 0.0004904761904761905, 0.0004681818181818182, 0.00044782608695652175, 0.00043333333333333337], [0.0108, 0.00525, 0.0035333333333333336, 0.0026, 0.0020800000000000003, 0.0017333333333333335, 0.0014857142857142857, 0.0012875, 0.0011555555555555555, 0.0010400000000000001, 0.0009363636363636364, 0.0008666666666666667, 0.0007846153846153846, 0.0007428571428571429, 0.0006866666666666667, 0.00065, 0.0006235294117647059, 0.0005833333333333334, 0.0005473684210526316, 0.000515, 0.0005, 0.0004681818181818182, 0.00044782608695652175, 0.0004375]], "late": [[0.0115, 0.10039999999999999, 0.41613333333333336, 0.243575, 0.15172, 0.26745, 0.24594285714285713, 0.23342500000000002, 0.32584444444444444, 0.61415, 0.6055454545454546, 0.228, 0.12942307692307692, 0.14491428571428572, 0.12648, 0.16986249999999997, 0.12204117647058824, 0.11071111111111111, 0.10563157894736841, 0.100085, 0.09486190476190477, 0.09086363636363637, 0.08704782608695652, 0.08321666666666666], [0.0113, 0.10064999999999999, 0.41609999999999997, 0.24282499999999999, 0.15316, 0.6025833333333334, 0.6271571428571429, 0.4080625, 0.09456666666666666, 0.20257, 0.08017272727272727, 0.102375, 0.11966923076923076, 0.27394999999999997, 0.12597333333333333, 0.12069375, 0.11829411764705881, 0.17275555555555555, 0.10521578947368421, 0.13158, 0.11765238095238095, 0.08875909090909091, 0.15019565217391304, 0.12553333333333333]]}}}