{"btb_nb_ways": {"NB ways test": {"early": [[0.045899999999999996, 0.65365, 0.5462333333333333, 0.5112749999999999, 0.27874, 0.3177], [0.0784, 0.6523, 0.5466666666666666, 0.5114, 0.27874, 0.3229666666666667], [0.025, 0.68565, 0.3962333333333333, 0.40277500000000005, 0.32768, 0.3494666666666667], [1.0014, 0.55055, 0.44903333333333334, 0.6023499999999999, 0.6685399999999999, 0.4329833333333334], [0.5342, 1.10385, 0.9931666666666666, 0.984025, 0.9371799999999999, 0.8811], [1.0190000000000001, 0.9592499999999999, 1.0521333333333334, 0.9819499999999999, 1.0273599999999998, 1.0920833333333333], [1.0090999999999999, 1.04885, 1.0461, 1.03915, 1.02348, 0.8563666666666667], [1.0093, 1.0489, 1.0461333333333334, 1.0394750000000001, 1.0234400000000001, 0.8561833333333334], [1.014, 1.0490000000000002, 1.0461333333333334, 0.97935, 0.9732799999999999, 0.8528333333333333], [1.0090999999999999, 0.9558, 0.9908999999999999, 0.9519, 0.9728, 0.8572166666666667], [1.0087000000000002, 1.0085, 0.9907666666666667, 0.85115, 0.9402200000000001, 0.78935], [1.0089, 1.0079500000000001, 1.009, 0.9166, 0.96274, 0.85775], [1.0093, 1.00855, 1.0123333333333333, 0.91795, 0.96668, 0.8842], [1.0093, 1.0076, 1.0123, 0.924725, 0.9680599999999999, 0.8875], [1.0090000000000001, 1.00875, 1.0115, 0.9239, 0.9693200000000001, 3.3333333333333335e-05], [1.0090999999999999, 1.0079500000000001, 1.0122333333333333, 0.92455, 0.96704, 6.666666666666667e-05], [1.0094, 1.0079500000000001, 1.0120333333333333, 0.924375, 0.96814, 1.6666666666666667e-05], [1.0094, 1.0082, 1.0118666666666667, 0.924275, 0.966, 0.0], [1.0095999999999998, 1.0078, 1.0112999999999999, 0.9158499999999999, 0.9266, 1.6666666666666667e-05], [1.0095, 1.00765, 1.0057333333333334, 0.9074500000000001, 0.85314, 0.0], [1.0090999999999999, 1.00785, 1.0139, 0.94085, 0.85264, 0.00015], [1.0098, 1.0081499999999999, 1.0143333333333333, 0.9406749999999999, 0.85348, 3.3333333333333335e-05], [1.0088, 1.00735, 1.0078333333333334, 0.941325, 0.85242, 0.0], [1.0090999999999999, 1.0081, 1.0146666666666666, 0.941325, 0.85348, 0.0]], "resteer": [[0.0002, 0.0002, 0.00019999999999999998, 0.00017500000000000003, 0.00016, 0.0001666666666666667], [0.0002, 0.0002, 0.00019999999999999998, 0.00017500000000000003, 0.00016, 0.0001666666666666667], [0.0002, 0.0002, 0.00019999999999999998, 0.00017500000000000003, 0.00016, 0.0001666666666666667], [0.0002, 0.0002, 0.00023333333333333336, 0.00017500000000000003, 0.00016, 0.0001666666666666667], [0.0002, 0.0002, 0.00019999999999999998, 0.00017500000000000003, 0.00016, 0.0001666666666666667], [0.0002, 0.0002, 0.00019999999999999998, 0.00017500000000000003, 0.00016, 0.00025], [0.0002, 0.0002, 0.00019999999999999998, 0.00017500000000000003, 0.00016, 0.00018333333333333334], [0.0002, 0.0002, 0.00019999999999999998, 0.00017500000000000003, 0.00016, 0.00018333333333333334], [0.0002, 0.0002, 0.00019999999999999998, 0.00017500000000000003, 0.00016, 0.00019999999999999998], [0.0002, 0.0002, 0.00019999999999999998, 0.00017500000000000003, 0.00016, 0.00015], [0.0002, 0.0002, 0.00023333333333333336, 0.0002, 0.00016, 0.00018333333333333334], [0.0002, 0.0002, 0.0001666666666666667, 0.00015, 0.00014000000000000001, 0.00021666666666666668], [0.0002, 0.0002, 0.0001666666666666667, 0.00015, 0.00016, 0.00015], [0.0002, 0.0002, 0.00023333333333333336, 0.00015, 0.00017999999999999998, 0.0002666666666666667], [0.0002, 0.0002, 0.00019999999999999998, 0.00015, 0.00011999999999999999, 0.2801166666666667], [0.0002, 0.0002, 0.0001666666666666667, 0.00015, 0.00016, 0.2801], [0.0002, 0.0002, 0.0001666666666666667, 0.00017500000000000003, 0.00014000000000000001, 0.2801], [0.0002, 0.0002, 0.00013333333333333334, 0.00017500000000000003, 0.00011999999999999999, 0.2801166666666667], [0.0002, 0.0002, 0.0001666666666666667, 0.000125, 0.00016, 0.28003333333333336], [0.0002, 0.0002, 0.0001666666666666667, 0.00015, 0.00011999999999999999, 0.28013333333333335], [0.0002, 0.0002, 0.0001666666666666667, 0.000125, 0.00016, 0.2801], [0.0002, 0.0002, 0.0001666666666666667, 0.000125, 0.00011999999999999999, 0.28008333333333335], [0.0002, 0.0002, 0.0001666666666666667, 0.000125, 0.00014000000000000001, 0.2801166666666667], [0.0002, 0.0002, 0.00013333333333333334, 0.000125, 0.00011999999999999999, 0.2801166666666667]], "mispred": [[0.0106, 0.0053, 0.0035, 0.0026, 0.0020800000000000003, 0.00175], [0.011000000000000001, 0.0053, 0.0035, 0.0026, 0.0020800000000000003, 0.0017333333333333335], [0.0109, 0.00525, 0.0035, 0.00265, 0.0020800000000000003, 0.00175], [0.0106, 0.00525, 0.003466666666666667, 0.002575, 0.0020800000000000003, 0.0017333333333333335], [0.0106, 0.00515, 0.0035333333333333336, 0.002625, 0.0021000000000000003, 0.00175], [0.0108, 0.0052, 0.0035, 0.002625, 0.0020800000000000003, 0.0017666666666666668], [0.0106, 0.0052, 0.003466666666666667, 0.002625, 0.0021000000000000003, 0.0017000000000000001], [0.0106, 0.0052, 0.0035333333333333336, 0.002625, 0.0020800000000000003, 0.0017333333333333335], [0.0109, 0.00525, 0.003466666666666667, 0.0026, 0.0020800000000000003, 0.00175], [0.0108, 0.00525, 0.0035333333333333336, 0.0026, 0.0021000000000000003, 0.0017333333333333335], [0.0108, 0.0052, 0.0035, 0.0026, 0.00206, 0.0017166666666666667], [0.0106, 0.00525, 0.0034333333333333334, 0.0026, 0.0020800000000000003, 0.0017166666666666667], [0.0106, 0.0052, 0.0034333333333333334, 0.002575, 0.0021000000000000003, 0.0017333333333333335], [0.0106, 0.00525, 0.0034333333333333334, 0.002625, 0.0020800000000000003, 0.0017166666666666667], [0.0106, 0.00525, 0.003466666666666667, 0.0026, 0.00206, 0.0017333333333333335], [0.0108, 0.00525, 0.003466666666666667, 0.002575, 0.0020800000000000003, 0.0017333333333333335], [0.0106, 0.0052, 0.0034000000000000002, 0.00255, 0.0020800000000000003, 0.0017166666666666667], [0.0106, 0.00515, 0.0035, 0.002625, 0.0021000000000000003, 0.0017333333333333335], [0.0104, 0.00515, 0.0035, 0.00265, 0.00206, 0.0017333333333333335], [0.0104, 0.0052, 0.0035, 0.0026, 0.00206, 0.0017166666666666667], [0.0108, 0.0052, 0.0034333333333333334, 0.00265, 0.00206, 0.00175], [0.0104, 0.00515, 0.0035, 0.0026, 0.0020800000000000003, 0.0017166666666666667], [0.0109, 0.00515, 0.0035333333333333336, 0.0026, 0.0020800000000000003, 0.0017333333333333335], [0.0108, 0.00515, 0.003466666666666667, 0.002625, 0.0020800000000000003, 0.00175]],