{"btb_nb_ways2": {"NB ways test 2": {"early": [[0.039900000000000005, 0.5426, 0.3579, 0.521875, 0.16374, 0.32128333333333337], [0.0397, 0.53395, 0.3505666666666667, 0.5365, 0.16168000000000002, 0.31475], [0.034300000000000004, 0.57, 0.4318666666666667, 0.43674999999999997, 0.35956, 0.4146666666666667], [0.9562, 0.58885, 0.6417333333333334, 0.573725, 0.58554, 0.45985000000000004], [0.8954000000000001, 0.9530500000000001, 0.9155666666666668, 1.076725, 1.0029, 1.1143], [1.0893000000000002, 1.04955, 1.0386333333333333, 1.0390000000000001, 0.9532, 0.8562833333333333], [1.0094, 1.0484499999999999, 1.0458999999999998, 1.039425, 1.02312, 0.8562833333333333], [1.0094, 1.0484499999999999, 1.0461, 1.03945, 1.02362, 0.8561500000000001], [1.0094, 1.0485, 1.0463, 0.9793999999999999, 0.97546, 0.8528833333333333], [1.0092, 0.956, 0.9924666666666667, 0.95175, 0.97334, 0.8575999999999999], [1.0090999999999999, 1.0081499999999999, 0.9904666666666666, 0.8502, 0.94038, 0.7887833333333333], [1.0090999999999999, 1.0088, 1.0082, 0.915575, 0.9595199999999999, 0.8573], [1.0090000000000001, 1.00865, 1.0116666666666667, 0.9241750000000001, 0.96772, 0.8845000000000001], [1.0087000000000002, 1.02085, 1.0112, 0.92425, 0.9695, 0.8848], [1.0088, 1.0086, 1.0115666666666667, 0.9208750000000001, 0.96676, 8.333333333333334e-05], [1.0090000000000001, 1.00785, 1.0118, 0.924225, 0.96938, 0.0], [1.0094, 1.0076, 0.9525, 0.924475, 0.96596, 9.999999999999999e-05], [1.0087000000000002, 1.0082, 1.0115, 0.924375, 0.9673999999999999, 3.3333333333333335e-05], [1.0093, 1.0082, 1.0116333333333334, 0.914125, 0.9877, 0.0], [1.0088, 1.00785, 1.0054666666666667, 0.90645, 0.8531599999999999, 6.666666666666667e-05], [1.0093, 1.0079500000000001, 1.0144, 0.941125, 0.8530399999999999, 1.6666666666666667e-05], [1.0097, 1.0077500000000001, 1.0137333333333334, 0.94065, 0.85954, 0.0], [1.0098, 1.00755, 1.0139333333333334, 0.940925, 0.8518, 4.9999999999999996e-05], [1.0092, 1.0081, 1.0138, 0.9408249999999999, 0.7998999999999999, 3.3333333333333335e-05]], "resteer": [[0.0002, 0.00025, 0.00019999999999999998, 0.00017500000000000003, 0.00016, 0.00018333333333333334], [0.0002, 0.0002, 0.00019999999999999998, 0.00017500000000000003, 0.00016, 0.0001666666666666667], [0.0002, 0.0002, 0.00019999999999999998, 0.00017500000000000003, 0.00016, 0.0001666666666666667], [0.0002, 0.0002, 0.00019999999999999998, 0.00017500000000000003, 0.00016, 0.0001666666666666667], [0.0002, 0.0002, 0.00023333333333333336, 0.00017500000000000003, 0.00016, 0.00021666666666666668], [0.0002, 0.0002, 0.00019999999999999998, 0.00017500000000000003, 0.00016, 0.0001666666666666667], [0.0002, 0.0002, 0.00019999999999999998, 0.00017500000000000003, 0.00022, 0.00018333333333333334], [0.0002, 0.0002, 0.00019999999999999998, 0.00017500000000000003, 0.00016, 0.0001666666666666667], [0.0002, 0.0002, 0.00019999999999999998, 0.00017500000000000003, 0.00017999999999999998, 0.00015], [0.0002, 0.0002, 0.00023333333333333336, 0.00017500000000000003, 0.00016, 0.00015], [0.0002, 0.0002, 0.00019999999999999998, 0.00017500000000000003, 0.00017999999999999998, 0.0001666666666666667], [0.0002, 0.0002, 0.00023333333333333336, 0.00015, 0.00014000000000000001, 0.00013333333333333334], [0.0002, 0.0002, 0.0001666666666666667, 0.00017500000000000003, 0.00016, 0.00011666666666666668], [0.0003, 0.0002, 0.00013333333333333334, 0.00015, 0.00014000000000000001, 0.0001666666666666667], [0.0002, 0.00025, 0.0001666666666666667, 0.00015, 0.00017999999999999998, 0.2801166666666667], [0.0002, 0.0002, 0.00013333333333333334, 0.00017500000000000003, 0.00014000000000000001, 0.28006666666666663], [0.0002, 0.00025, 0.0001666666666666667, 0.00017500000000000003, 0.00014000000000000001, 0.28008333333333335], [0.0002, 0.0002, 0.0001666666666666667, 0.00015, 0.00016, 0.28013333333333335], [0.0002, 0.0002, 0.0001666666666666667, 0.000125, 0.0029, 0.2801166666666667], [0.0002, 0.0002, 0.0001666666666666667, 0.00015, 0.00016, 0.2801], [0.0002, 0.0002, 0.0001666666666666667, 0.000125, 0.00011999999999999999, 0.28006666666666663], [0.0002, 0.0002, 0.0001666666666666667, 0.000125, 0.00026000000000000003, 0.28013333333333335], [0.0002, 0.0002, 0.0001666666666666667, 0.00015, 0.00014000000000000001, 0.2801], [0.0002, 0.0002, 0.0001666666666666667, 0.000125, 0.00014000000000000001, 0.28005]], "mispred": [[0.0108, 0.0052, 0.0035, 0.002625, 0.0020800000000000003, 0.0017166666666666667], [0.0108, 0.0052, 0.003466666666666667, 0.002575, 0.00212, 0.00175], [0.0106, 0.0052, 0.0035, 0.002625, 0.0020800000000000003, 0.0017666666666666668], [0.0109, 0.00525, 0.0035, 0.002625, 0.0020800000000000003, 0.00175], [0.0108, 0.00525, 0.003466666666666667, 0.0026, 0.0020800000000000003, 0.0017666666666666668], [0.0109, 0.0052, 0.0035, 0.00265, 0.0021000000000000003, 0.00175], [0.0106, 0.0053, 0.0035333333333333336, 0.0026, 0.00206, 0.0017166666666666667], [0.0106, 0.0053, 0.003466666666666667, 0.002625, 0.0020800000000000003, 0.00175], [0.0109, 0.0053, 0.0035, 0.002575, 0.00206, 0.0017333333333333335], [0.0104, 0.00525, 0.0035, 0.002625, 0.0021000000000000003, 0.0017333333333333335], [0.0108, 0.00525, 0.0035333333333333336, 0.002625, 0.0020800000000000003, 0.0017333333333333335], [0.0108, 0.0052, 0.003466666666666667, 0.002625, 0.0021000000000000003, 0.0017166666666666667], [0.0106, 0.00525, 0.0035333333333333336, 0.0026, 0.0020800000000000003, 0.0017333333333333335], [0.010700000000000001, 0.0053, 0.0035333333333333336, 0.0026, 0.0020800000000000003, 0.00175], [0.0108, 0.0052, 0.0035666666666666668, 0.002625, 0.0020800000000000003, 0.00175], [0.0109, 0.0052, 0.0035333333333333336, 0.002625, 0.00204, 0.0017000000000000001], [0.0106, 0.00515, 0.0035333333333333336, 0.002575, 0.0020800000000000003, 0.00175], [0.0108, 0.00515, 0.0035, 0.002575, 0.00206, 0.0017333333333333335], [0.0106, 0.00515, 0.0035, 0.0026, 0.0022, 0.0017166666666666667], [0.0111, 0.0052, 0.0035, 0.0026, 0.0020800000000000003, 0.00175], [0.0106, 0.00515, 0.0034333333333333334, 0.002575, 0.0020800000000000003, 0.0017166666666666667], [0.0106, 0.0052, 0.003466666666666667, 0.0026, 0.0021000000000000003, 0.0017000000000000001], [0.0104, 0.0052, 0.0034000000000000002, 0.0026, 0.00204, 0.0017333333333333335], [0.0108, 0.00515, 0.003466666666666667, 0.0026, 0.0021000000000000003, 0.0017333333333333335]],