{"btb_set_collision": {"Set collision": {"early": [[0.337075, 0.2307875, 0.20786666666666667, 0.12443749999999999, 0.15267], [0.5485, 0.3802375, 0.34646666666666665, 0.24780000000000002, 0.220525], [0.981, 0.8636750000000001, 0.8457666666666667, 0.53284375, 0.59756], [1.0521500000000001, 0.821, 0.8374666666666667, 0.50539375, 0.425925], [1.03935, 0.8145874999999999, 0.827825, 0.4328875, 0.457715], [1.039525, 0.7956875, 0.802625, 0.5095375, 0.40882999999999997], [0.9794499999999999, 0.793025, 0.7489666666666667, 0.5101625, 0.460315], [0.9745999999999999, 0.7897750000000001, 0.7264999999999999, 0.5387375, 0.458285], [0.9769249999999999, 0.87215, 0.7400416666666666, 0.6777562500000001, 0.550115], [0.9655, 0.8250624999999999, 0.545575, 0.44694375000000003, 0.37331], [0.9241750000000001, 0.8444625000000001, 0.6486000000000001, 0.4653875, 0.0], [0.9241750000000001, 0.973875, 0.2552583333333333, 1.25e-05, 0.0], [0.923925, 0.3701625, 0.0, 0.0, 0.0], [0.924025, 0.0, 0.0, 0.0, 0.0], [0.9246, 0.0, 0.0, 0.0, 0.0], [0.92415, 0.0, 0.0, 0.0, 0.0], [0.9244249999999999, 0.0, 0.0, 0.0, 0.0]], "resteer": [[0.00017500000000000003, 0.00017500000000000003, 0.00019166666666666667, 0.00016875, 0.000155], [0.000225, 0.0001875, 0.00019166666666666667, 0.00016875, 0.000155], [0.00025, 0.00017500000000000003, 0.00019166666666666667, 0.00016875, 0.000155], [0.00017500000000000003, 0.0001875, 0.00018333333333333334, 0.00016875, 0.00015], [0.000225, 0.0001875, 0.00019166666666666667, 0.00016875, 0.000155], [0.00017500000000000003, 0.00021250000000000002, 0.000175, 0.00016875, 0.00014000000000000001], [0.00017500000000000003, 0.00017500000000000003, 0.00015833333333333332, 0.000125, 0.000125], [0.00017500000000000003, 0.0001375, 0.00013333333333333334, 0.00013125, 0.00011999999999999999], [0.00017500000000000003, 0.0001375, 0.00014166666666666668, 0.00011875, 0.00011999999999999999], [0.00015, 0.000125, 0.00014166666666666668, 0.00013125, 0.00011], [0.00015, 0.0001375, 0.000125, 0.0001125, 0.62358], [0.00015, 0.0001125, 0.0847, 0.44008125, 0.95199], [0.00015, 0.1288375, 0.6716416666666667, 0.69088125, 0.9528300000000001], [0.00015, 0.5939125, 0.9231583333333333, 0.9400499999999999, 0.952905], [0.000125, 0.5939, 0.9198166666666666, 0.93999375, 0.95001], [0.00015, 0.8758499999999999, 0.9190666666666668, 0.93963125, 0.952], [0.000125, 0.87605, 0.919175, 0.93936875, 0.95201]], "mispred": [[0.0026, 0.0013, 0.0008500000000000001, 0.0006375, 0.000515], [0.002575, 0.0012875, 0.0008583333333333333, 0.0006375, 0.000515], [0.002575, 0.001325, 0.0008500000000000001, 0.00064375, 0.00051], [0.0026, 0.0013, 0.000875, 0.00064375, 0.00053], [0.002625, 0.0013125, 0.0008583333333333333, 0.00064375, 0.000515], [0.0026, 0.0012875, 0.0008583333333333333, 0.00064375, 0.00051], [0.002625, 0.0012875, 0.0008583333333333333, 0.00064375, 0.000515], [0.002625, 0.0013, 0.0008500000000000001, 0.00065, 0.0005200000000000001], [0.0026, 0.0013125, 0.0008583333333333333, 0.00065, 0.0005200000000000001], [0.002575, 0.0013, 0.0008500000000000001, 0.00064375, 0.00051], [0.0026, 0.0012875, 0.0008583333333333333, 0.00065, 0.000515], [0.0026, 0.0013, 0.0008500000000000001, 0.00065, 0.000515], [0.0026750000000000003, 0.0012875, 0.0008666666666666667, 0.00064375, 0.0005200000000000001], [0.0026, 0.0013, 0.0008666666666666667, 0.00065625, 0.000515], [0.00265, 0.0013, 0.0008500000000000001, 0.00065625, 0.000515], [0.0026, 0.0013, 0.0008583333333333333, 0.00065, 0.000505], [0.00265, 0.0013, 0.0008583333333333333, 0.0006375, 0.000515]], "late": [[0.9726250000000001, 0.805075, 0.6653083333333334, 0.5334749999999999, 0.72714], [0.6491750000000001, 0.40441249999999995, 0.4397333333333333, 0.44058125, 0.58389], [0.080975, 0.13019999999999998, 0.07278333333333334, 0.06406875000000001, 0.018305], [0.00805, 0.0551875, 0.07138333333333333, 0.07274375, 0.054435000000000004], [0.013000000000000001, 0.0563625, 0.07262500000000001, 0.08336874999999999, 0.052745], [0.013000000000000001, 0.0790375, 0.1293, 0.0802125, 0.10159], [0.067925, 0.07796249999999999, 0.14360833333333334, 0.128925, 0.07876000000000001], [0.0775, 0.106425, 0.0899, 0.08176875, 0.21925999999999998], [0.077725, 0.17342500000000002, 0.14291666666666666, 0.296475, 0.42519999999999997], [0.14682499999999998, 0.243425, 0.46086666666666665, 0.577825, 0.6268400000000001], [0.24239999999999998, 0.2603375, 0.38519166666666665, 0.5820062500000001, 0.35852], [0.24225000000000002, 0.2324625, 0.5954, 0.441975, 0.10154], [0.243025, 0.40161250000000004, 0.25440833333333335, 0.32347499999999996, 0.098095], [0.242475, 0.41202500000000003, 0.11825833333333333, 0.34983125000000004, 0.101015], [0.24255, 0.41192500000000004, 0.34190833333333337, 0.1263125, 0.10199], [0.242375, 0.14550000000000002, 0.17538333333333334, 0.12785625, 0.14540999999999998], [0.24280000000000002, 0.23986249999999998, 0.2537916666666667, 0.12805624999999998, 0.10139]]}}}