{"btb_conditional_jumps_taken_and_not": {"Test new registers": {"CondBrR": [[12.0, 23.0, 34.0, 45.0, 56.0, 67.0, 78.0, 89.0, 100.0], [12.0, 23.0, 34.0, 45.0, 56.0, 67.0, 78.0, 89.0, 100.0], [12.0, 23.0, 34.0, 45.0, 56.0, 67.0, 78.0, 89.0, 100.0], [12.0, 23.0, 34.0, 45.0, 56.0, 67.0, 78.0, 89.0, 100.0], [12.0, 23.0, 34.0, 45.0, 56.0, 67.0, 78.0, 89.0, 100.0], [12.0, 23.0, 34.0, 45.0, 56.0, 67.0, 78.0, 89.0, 100.0], [12.0, 23.0, 34.0, 45.0, 56.0, 67.0, 78.0, 89.0, 100.0], [12.0, 23.0, 34.0, 45.0, 56.0, 67.0, 78.0, 89.0, 100.0], [12.0, 23.0, 34.0, 45.0, 56.0, 67.0, 78.0, 89.0, 100.0], [12.0, 23.0, 34.0, 45.0, 56.0, 67.0, 78.0, 89.0, 100.0]], "NotTknBrR": [[2.01, 4.01, 6.01, 8.01, 10.01, 12.01, 14.01, 16.01, 18.01], [2.01, 4.01, 6.01, 8.01, 10.01, 12.01, 14.01, 16.01, 18.01], [2.01, 4.01, 6.01, 8.01, 10.01, 12.01, 14.01, 16.01, 18.01], [2.01, 4.01, 6.01, 8.01, 10.01, 12.01, 14.01, 16.01, 18.01], [2.01, 4.01, 6.01, 8.01, 10.01, 12.01, 14.01, 16.01, 18.01], [2.01, 4.01, 6.01, 8.01, 10.01, 12.01, 14.01, 16.01, 18.01], [2.01, 4.01, 6.01, 8.01, 10.01, 12.01, 14.01, 16.01, 18.01], [2.01, 4.01, 6.01, 8.01, 10.01, 12.01, 14.01, 16.01, 18.01], [2.01, 4.01, 6.01, 8.01, 10.01, 12.01, 14.01, 16.01, 18.01], [2.01, 4.01, 6.01, 8.01, 10.01, 12.01, 14.01, 16.01, 18.01]], "BaClrAny": [[0.0009, 0.001, 0.0055000000000000005, 0.0027, 0.0037, 0.0033, 0.0046, 0.0070999999999999995, 0.0045000000000000005], [0.0008, 0.0009, 0.0017000000000000001, 0.0025, 0.0021, 0.0032, 0.0084, 0.0044, 0.0079], [0.0006, 0.0016, 0.0015, 0.0027, 0.0021, 0.0088, 0.0039000000000000003, 0.0073, 0.0046], [0.0006, 0.0011, 0.0012, 0.0043, 0.0024, 0.0039000000000000003, 0.0036, 0.0039000000000000003, 0.0053], [0.0006, 0.0011, 0.002, 0.0025, 0.0025, 0.002, 0.003, 0.0103, 0.0046], [0.0005, 0.0015, 0.0017000000000000001, 0.0022, 0.0023, 0.0027, 0.0033, 0.0085, 0.0043], [0.0006, 0.0012, 0.0014000000000000002, 0.0019, 0.0033, 0.0028000000000000004, 0.0036, 0.0045000000000000005, 0.0040999999999999995], [0.0006, 0.0011, 0.0016, 0.0042, 0.0025, 0.0039000000000000003, 0.0031, 0.0034999999999999996, 0.0039000000000000003], [0.0005, 0.0011, 0.0015, 0.0023, 0.0022, 0.0126, 0.0028000000000000004, 0.0042, 0.008100000000000001], [0.0006, 0.0011, 0.0015, 0.0024, 0.002, 0.004699999999999999, 0.0025, 0.0031, 0.0034999999999999996]], "AllBrR": [[14.0, 27.0, 40.0, 53.0, 66.0, 79.0001, 92.0, 105.0, 118.0], [14.0, 27.0, 40.0, 53.0, 66.0001, 79.0001, 92.0, 105.0, 118.0], [14.0, 27.000100000000003, 40.0, 53.0, 66.0, 79.0, 92.0, 105.0, 118.0], [14.0, 27.0, 40.0, 53.0, 66.0, 79.0, 92.0, 105.0, 118.0], [14.0, 27.0, 40.0001, 53.0, 66.0, 79.0, 92.0, 105.0, 118.0], [14.0, 27.0, 40.0, 53.0, 66.0, 79.0, 92.0001, 105.0, 118.0], [14.0, 27.0, 40.0, 53.0, 66.0, 79.0, 92.0, 105.0, 118.0001], [14.0, 27.0, 40.0, 53.0, 66.0, 79.0001, 92.0, 105.0, 118.0], [14.0, 27.000100000000003, 40.0, 53.0, 66.0, 79.0, 92.0, 105.0, 118.0], [14.0, 27.0, 40.0, 53.0, 66.0, 79.0, 92.0001, 105.0001, 118.0001]]}}}