{"btb_4_new_regs": {"Test new registers": {"TknBrExe": [[9.9909, 18.99, 27.99, 36.9914, 45.99, 54.991899999999994, 63.99, 72.9928, 81.9915], [9.99, 18.99, 27.99, 36.99, 45.991899999999994, 54.993900000000004, 63.99, 72.99, 81.9912], [9.99, 18.99, 27.99, 36.9962, 45.99, 54.992700000000006, 63.99, 72.99, 81.9937], [9.99, 18.99, 27.9905, 36.99, 45.991099999999996, 54.9917, 63.99, 72.9931, 81.9915], [9.99, 18.99, 27.99, 36.99, 45.9925, 54.99, 63.990500000000004, 72.9915, 81.9925], [9.99, 18.99, 27.99, 36.99, 45.99, 54.99, 63.99, 72.993, 81.99], [9.99, 18.9907, 27.99, 36.99, 45.99, 54.99, 63.992799999999995, 72.991, 81.9923], [9.99, 18.99, 27.99, 36.99, 45.99, 54.991800000000005, 63.991099999999996, 72.99, 81.9921], [9.99, 18.99, 27.99, 36.99, 45.991099999999996, 54.9912, 63.994, 72.99, 81.9907], [9.99, 18.9928, 27.99, 36.9914, 45.9925, 54.99, 63.99, 72.9919, 81.9908]], "MispCond": [[0.0182, 0.011000000000000001, 0.011899999999999999, 0.0155, 0.012199999999999999, 0.0203, 0.0154, 0.0236, 0.0171], [0.0191, 0.0118, 0.0213, 0.030899999999999997, 0.0149, 0.015600000000000001, 0.0151, 0.0141, 0.0165], [0.019799999999999998, 0.0113, 0.0175, 0.018799999999999997, 0.0139, 0.0155, 0.0134, 0.031200000000000002, 0.018000000000000002], [0.0217, 0.0115, 0.0179, 0.0131, 0.0301, 0.015300000000000001, 0.0252, 0.016399999999999998, 0.0358], [0.0204, 0.015700000000000002, 0.023, 0.0253, 0.0329, 0.029300000000000003, 0.0394, 0.045899999999999996, 0.0436], [0.0208, 0.0161, 0.0262, 0.0246, 0.0495, 0.040999999999999995, 0.0441, 0.0388, 0.056600000000000004], [0.0144, 0.013300000000000001, 0.021099999999999997, 0.027000000000000003, 0.0404, 0.032799999999999996, 0.0387, 0.048600000000000004, 0.0355], [0.0208, 0.0207, 0.026000000000000002, 0.0273, 0.028399999999999998, 0.0326, 0.0379, 0.013999999999999999, 0.0184], [0.0209, 0.0213, 0.0226, 0.0274, 0.021400000000000002, 0.0242, 0.037599999999999995, 0.0405, 0.0327], [0.0208, 0.016200000000000003, 0.0174, 0.024700000000000003, 0.0347, 0.0138, 0.027000000000000003, 0.0548, 0.045599999999999995]], "MispMacro": [[0.0182, 0.011000000000000001, 0.011899999999999999, 0.0155, 0.012199999999999999, 0.0203, 0.0154, 0.0236, 0.0171], [0.0191, 0.0118, 0.0213, 0.030899999999999997, 0.0149, 0.015600000000000001, 0.0151, 0.0141, 0.0165], [0.019799999999999998, 0.0113, 0.0175, 0.018799999999999997, 0.0139, 0.0155, 0.0134, 0.031200000000000002, 0.018000000000000002], [0.0217, 0.0115, 0.0179, 0.0131, 0.0301, 0.015300000000000001, 0.0252, 0.016399999999999998, 0.0358], [0.0204, 0.015700000000000002, 0.023, 0.0253, 0.0329, 0.029300000000000003, 0.0394, 0.045899999999999996, 0.0436], [0.0208, 0.0161, 0.0262, 0.0246, 0.0495, 0.040999999999999995, 0.0441, 0.0388, 0.056600000000000004], [0.0144, 0.013300000000000001, 0.021099999999999997, 0.027000000000000003, 0.0404, 0.032799999999999996, 0.0387, 0.048600000000000004, 0.0355], [0.0208, 0.0207, 0.026000000000000002, 0.0273, 0.028399999999999998, 0.0326, 0.0379, 0.013999999999999999, 0.0184], [0.0209, 0.0213, 0.0226, 0.0274, 0.021400000000000002, 0.0242, 0.037599999999999995, 0.0405, 0.0327], [0.0208, 0.016200000000000003, 0.0174, 0.024700000000000003, 0.0347, 0.0138, 0.027000000000000003, 0.0548, 0.045599999999999995]], "NTknBrExe": [[2.01, 2.5109, 2.861, 3.83, 4.22, 3.8812, 4.1235, 5.901, 5.3816999999999995], [2.01, 2.5338, 3.5610000000000004, 4.4645, 6.4134, 5.9292, 6.532100000000001, 7.6334, 10.2951], [2.01, 2.5319, 3.4227999999999996, 4.5635, 5.9183, 8.3341, 9.3135, 9.0451, 9.3801], [2.0096000000000003, 3.3386, 4.0517, 4.1552, 5.0549, 6.234400000000001, 8.056799999999999, 5.913200000000001, 6.2489], [2.01, 2.011, 2.0135, 2.0606, 2.2748, 3.0349, 2.1749, 2.2303, 3.6370999999999998], [2.01, 2.0117, 2.0223, 2.1889, 2.068, 2.2308000000000003, 2.1183, 2.4403, 4.086600000000001], [2.01, 2.0126, 2.0117, 2.0269999999999997, 2.4746, 2.0495, 2.2527, 2.2419, 2.6918], [2.01, 2.1084, 2.0283, 2.0856, 2.0340000000000003, 2.2074000000000003, 3.2042, 5.0131, 2.2840000000000003], [2.01, 2.0244, 2.0162, 2.1239, 2.1363, 2.6591000000000005, 3.0457, 2.0777, 3.0168], [2.01, 2.0643000000000002, 2.228, 2.5361000000000002, 2.34, 3.7568, 4.2472, 3.6562, 3.9929]]}}}