{"btb_capacity_test": {"Total size": {"early": [[0.0443501953125, 0.043946874999999996, 0.023310351562499998, 0.00024199218750000002, 4.8828125e-06, 6.184895833333333e-07, 2.2042410714285716e-06, 1.220703125e-07, 5.208333333333334e-07, 5.8593749999999995e-08, 4.971590909090909e-07, 4.557291666666667e-07, 6.159855769230769e-07, 2.650669642857143e-07, 9.114583333333334e-08, 1.7089843750000002e-07, 4.1360294117647055e-07], [0.056409570312500004, 0.039525195312500004, 0.019925651041666666, 4.94140625e-05, 5.859375e-07, 3.5807291666666667e-07, 3.292410714285714e-06, 1.953125e-07, 0.00015197482638888888, 7.2265625e-07, 2.840909090909091e-07, 1.627604166666667e-07, 3.4555288461538463e-07, 2.232142857142857e-07, 2.3437499999999998e-07, 2.5634765625e-07, 1.8956801470588235e-06], [0.338495703125, 0.08228505859375, 0.030573828125, 8.3984375e-06, 2.0703125e-06, 5.696614583333334e-06, 4.715401785714286e-06, 3.662109375e-07, 4.5572916666666666e-07, 2.5390625000000003e-07, 1.0830965909090908e-06, 8.300781250000001e-07, 9.014423076923077e-07, 5.357142857142857e-06, 2.994791666666667e-07, 7.32421875e-08, 6.893382352941176e-08], [0.2852130859375, 0.030158984375000003, 8.203125e-06, 2.197265625e-05, 1.1015625e-05, 2.1744791666666667e-05, 2.5390625e-06, 7.12890625e-06, 3.9062499999999997e-07, 1.205078125e-05, 1.2428977272727271e-06, 1.0091145833333334e-06, 2.5540865384615385e-07, 4.603794642857143e-07, 1.0416666666666667e-07, 1.3427734375e-07, 9.191176470588236e-08], [0.033806054687499996, 2.34375e-06, 8.671875e-05, 3.7109375e-06, 3.90625e-08, 3.9062499999999997e-07, 2.0926339285714287e-06, 1.171875e-06, 6.293402777777778e-07, 1.4453125e-06, 2.041903409090909e-06, 7.975260416666666e-07, 1.6526442307692307e-07, 5.608258928571428e-06, 1.1718749999999999e-07, 9.765625e-08, 5.744485294117647e-07], [0.0010771484375, 3.61328125e-06, 3.059895833333333e-06, 0.0, 2.5390625e-06, 2.604166666666667e-07, 1.3950892857142858e-07, 2.68798828125e-05, 9.197048611111111e-05, 3.90625e-08, 0.0, 3.2552083333333335e-08, 0.0, 0.0, 0.0, 0.0, 0.0], [8.3984375e-05, 1.6601562500000001e-06, 0.0, 4.8828125e-08, 0.0, 0.0, 0.0, 0.0, 0.0004407986111111111, 0.0, 0.0, 0.0, 0.0, 0.0, 5.268229166666667e-05, 0.0, 0.0]], "resteer": [[0.010612109375000001, 0.00482568359375, 0.025260546875, 0.027155029296875, 0.0397155859375, 0.02672125651041667, 0.03985103236607143, 0.0204235595703125, 0.14931204427083333, 0.23949, 0.31032274502840906, 0.3671074055989583, 0.4119296724759616, 0.45590916573660717, 0.49526528645833334, 0.5143304931640624, 0.5850763901654412], [0.0099783203125, 0.0174994140625, 0.0138232421875, 0.022269189453124998, 0.0152697265625, 0.024590787760416667, 0.05026378348214286, 0.043577514648437496, 0.14964641927083336, 0.24407371093750002, 0.3140526988636364, 0.3667578287760417, 0.4067698768028847, 0.4605669642857143, 0.4846590755208333, 0.525802880859375, 0.595386328125], [0.00012070312499999999, 0.00010107421875, 0.00010286458333333333, 0.000102734375, 0.0099076171875, 0.02104225260416667, 0.0302328125, 0.025758007812499997, 0.21636773003472223, 0.33391083984375003, 0.40524783380681817, 0.4848879557291666, 0.5301763221153846, 0.5640863699776786, 0.6078443359375, 0.6723568359375, 0.7671254710477942], [0.000113671875, 0.00010126953124999999, 0.00010462239583333333, 0.000112158203125, 0.000132265625, 0.00016682942708333334, 0.00040156249999999996, 0.000372509765625, 0.2100937065972222, 0.36098279296875, 0.5528828302556817, 0.6465747395833333, 0.6786225961538461, 0.7108424246651786, 0.7335588932291667, 0.7524517822265625, 0.8818445772058824], [0.00010429687499999999, 0.000101171875, 0.00011360677083333333, 0.000110107421875, 0.0157394140625, 0.015780013020833334, 0.015923549107142856, 0.0162226318359375, 0.030594010416666664, 0.3166140625, 0.5522895063920454, 0.6674371419270834, 0.6959427884615385, 0.7060663922991072, 0.7395885156249999, 0.7577012451171875, 0.9959179457720588], [0.0001013671875, 0.00401591796875, 0.0320234375, 0.031942578125, 0.312851328125, 0.6744159505208333, 0.7249782366071429, 0.761110205078125, 0.9972070746527778, 0.99978650390625, 1.0000744850852272, 0.99993564453125, 0.9999387169471153, 0.9999522321428571, 0.9999641927083334, 1.0000810180664061, 1.0000891888786765], [0.00011835937499999999, 0.06264570312500001, 0.6801516276041666, 0.7699839355468749, 1.0003698046875, 1.0000285807291667, 1.0000292410714284, 1.0002379638671874, 0.9993085286458333, 1.0000421874999998, 1.0000518643465908, 1.0001876302083335, 1.0000504056490385, 1.0001645926339287, 1.0001928645833333, 1.0001597045898436, 1.0000440831801471]], "mispred": [[2.01171875e-05, 9.86328125e-06, 6.705729166666667e-06, 5.029296875e-06, 5.859375e-06, 5.078125e-06, 3.6551339285714285e-06, 3.1494140625e-06, 2.7126736111111112e-06, 2.3046874999999997e-06, 0.00012006392045454546, 2.001953125e-06, 2.1484374999999997e-06, 0.00013585379464285715, 1.4843749999999999e-06, 1.4526367187499999e-06, 0.0001109375], [1.9921875e-05, 1.005859375e-05, 6.6406250000000005e-06, 6.4941406250000005e-06, 5.390625e-06, 5.598958333333333e-06, 9.012276785714285e-06, 0.000183251953125, 3.079427083333333e-05, 2.28515625e-06, 2.1306818181818183e-06, 0.00015940755208333334, 0.0001466796875, 0.00013556082589285715, 0.000127109375, 1.46484375e-06, 1.5050551470588235e-06], [2.03125e-05, 9.9609375e-06, 6.6406250000000005e-06, 4.931640625e-06, 5.8984375e-06, 1.712239583333333e-05, 4.464285714285715e-06, 0.000240625, 0.0002119574652777778, 0.00019082031250000002, 2.006392045454545e-06, 1.9205729166666665e-06, 0.00014480168269230767, 0.00010380859374999999, 0.00012664062500000002, 0.0001197265625, 1.3292738970588235e-05], [1.9921875e-05, 9.9609375e-06, 6.8359375e-06, 5.17578125e-06, 5.9375e-06, 5.6640625e-06, 3.4319196428571427e-06, 2.587890625e-06, 0.0002113715277777778, 0.0001280078125, 3.480113636363636e-06, 1.953125e-06, 0.00014681490384615384, 0.00013539341517857144, 1.5885416666666667e-06, 0.00011976318359375, 1.3097426470588234e-06], [1.9921875e-05, 9.9609375e-06, 6.6406250000000005e-06, 5.76171875e-06, 5.8984375e-06, 3.4830729166666668e-06, 0.0002695870535714286, 2.8564453124999997e-06, 2.452256944444444e-06, 0.00018884765625, 3.577769886363636e-05, 1.806640625e-06, 0.0001474158653846154, 7.933872767857143e-05, 1.5898437500000003e-05, 0.0001064208984375, 5.9960937499999996e-05], [1.9921875e-05, 9.9609375e-06, 7.031250000000001e-06, 1.025390625e-05, 4.91015625e-05, 0.00021155598958333332, 0.0002734095982142857, 0.0002378173828125, 0.00022172309027777777, 0.00019017578125, 2.0774147727272727e-06, 0.000159033203125, 0.00014619891826923078, 0.00013722098214285713, 0.00012716145833333332, 1.1242675781250002e-05, 1.2637867647058825e-06], [2.03125e-05, 1.005859375e-05, 0.0006288411458333334, 5.859375e-06, 4.3359375e-06, 0.00031787109375, 0.0002736607142857143, 3.34716796875e-05, 0.00018511284722222223, 0.000191015625, 0.000155078125, 1.6471354166666665e-05, 0.00014708533653846155, 1.7159598214285714e-06, 1.1992187500000001e-05, 1.50146484375e-06, 0.00011173023897058823]], "late": [[0.0, 0.0, 0.0, 0.0, 0.0, 0.0, 0.0, 0.0, 0.0, 0.0, 0.0, 0.0, 0.0, 0.0, 0.0, 0.0, 0.0], [0.0, 0.0, 0.0, 0.0, 0.0, 0.0, 0.0, 0.0, 0.0, 0.0, 0.0, 0.0, 0.0, 0.0, 0.0, 0.0, 0.0], [0.0, 0.0, 0.0, 0.0, 0.0, 0.0, 0.0, 0.0, 0.0, 0.0, 0.0, 0.0, 0.0, 0.0, 0.0, 0.0, 0.0], [0.0, 0.0, 0.0, 0.0, 0.0, 0.0, 0.0, 0.0, 0.0, 0.0, 0.0, 0.0, 0.0, 0.0, 0.0, 0.0, 0.0], [0.0, 0.0, 0.0, 0.0, 0.0, 0.0, 0.0, 0.0, 0.0, 0.0, 0.0, 0.0, 0.0, 0.0, 0.0, 0.0, 0.0], [0.0, 0.0, 0.0, 0.0, 0.0, 0.0, 0.0, 0.0, 0.0, 0.0, 0.0, 0.0, 0.0, 0.0, 0.0, 0.0, 0.0], [0.0, 0.0, 0.0, 0.0, 0.0, 0.0, 0.0, 0.0, 0.0, 0.0, 0.0, 0.0, 0.0, 0.0, 0.0, 0.0, 0.0]]}}}