{"btb_new_registers": {"Total size": {"mispred": [[0.0103, 0.0101, 0.0103, 0.04, 0.0128, 0.978, 0.9768000000000001, 0.0121, 0.0113, 0.011200000000000002, 0.012199999999999999, 0.988, 0.0123, 0.976, 0.012199999999999999, 0.011000000000000001, 0.0113], [0.0106, 0.0103, 0.8065000000000001, 0.0115, 0.9743999999999999, 0.9802, 0.0132, 0.0111, 0.0109, 0.9799, 0.86, 0.4943, 0.9765999999999999, 0.011200000000000002, 0.9765, 0.0113, 0.9745], [0.0104, 0.4621, 0.9779000000000001, 0.45439999999999997, 0.8265, 0.9721, 0.9748, 0.9693, 0.9614, 0.9612, 0.9645999999999999, 0.9840000000000001, 0.9695999999999999, 0.9751000000000001, 0.9779000000000001, 0.9597, 0.9677]], "BtbMiss": [[0.0, 0.0, 0.0, 0.0, 0.0, 0.0, 0.0, 0.0, 0.0, 0.0, 0.0, 0.0, 0.0, 0.0, 0.0, 0.0, 0.0], [0.0, 0.0, 0.0, 0.0, 0.0, 0.0, 0.0, 0.0, 0.0, 0.0, 0.0, 0.0, 0.0, 0.0, 0.0, 0.0, 0.0], [0.0, 0.0, 0.0, 0.0, 0.0, 0.0, 0.0, 0.0, 0.0, 0.0, 0.0, 0.0, 0.0, 0.0, 0.0, 0.0, 0.0]], "BrTaken": [[513.99, 1025.99, 1537.99, 2049.99, 2561.99, 3073.99, 3585.99, 4097.99, 4609.99, 5121.99, 5633.99, 6145.99, 6657.99, 7169.99, 7681.99, 8193.99, 8705.99], [513.99, 1025.99, 1537.99, 2049.99, 2561.99, 3073.99, 3585.99, 4097.99, 4609.99, 5121.99, 5633.99, 6145.99, 6657.99, 7169.99, 7681.99, 8193.99, 8705.99], [513.99, 1025.99, 1537.99, 2049.99, 2561.99, 3073.99, 3585.99, 4097.99, 4609.99, 5121.9908000000005, 5633.99, 6145.99, 6657.99, 7169.99, 7681.99, 8193.99, 8705.99]], "BrBogus": [[0.0, 0.0, 0.0, 0.0, 0.0, 0.0, 0.0, 0.0, 0.0, 0.0, 0.0, 0.0, 0.0, 0.0, 0.0, 0.0, 0.0], [0.0, 0.0, 0.0, 0.0, 0.0, 0.0, 0.0, 0.0, 0.0, 0.0, 0.0, 0.0, 0.0, 0.0, 0.0, 0.0, 0.0], [0.0, 0.0, 0.0, 0.0, 0.0, 0.0, 0.0, 0.0, 0.0, 0.0, 0.0, 0.0, 0.0, 0.0, 0.0, 0.0, 0.0]]}}}