{"btb_loops": {"Loop test": {"early": [[0.0361, 0.8248000000000001, 0.6067, 0.17405, 0.23442, 0.364, 0.26002857142857144, 0.23335, 0.16063333333333332, 0.25216, 0.1696909090909091], [0.046, 0.7996, 0.5847666666666667, 0.210425, 0.2369, 0.35901666666666665, 0.25882857142857146, 0.2323875, 0.15797777777777777, 0.25116, 0.16732727272727274], [0.0277, 0.73885, 0.5600666666666667, 0.2403, 0.35828, 0.32975, 0.05638571428571428, 0.2687125, 0.2335, 0.26335000000000003, 0.2537], [0.0355, 0.24555, 0.44149999999999995, 0.503125, 0.78228, 0.3649833333333333, 0.32062857142857143, 0.4140875, 0.49741111111111114, 0.36552999999999997, 0.23176363636363637], [0.3308, 0.99385, 0.021666666666666667, 0.25532499999999997, 0.20024, 0.1736, 0.2867142857142857, 0.0018625, 0.0003777777777777778, 0.19811, 0.04148181818181818], [0.9887999999999999, 0.99925, 0.6695666666666666, 0.37725000000000003, 0.20624, 0.1736, 0.14442857142857143, 0.0482625, 0.11023333333333332, 0.19818, 0.092], [0.9889, 0.9986499999999999, 0.6710666666666666, 0.37765, 0.20618, 0.35228333333333334, 0.14457142857142857, 0.0006125, 0.15305555555555556, 0.19911, 0.09101818181818182], [0.9891, 0.99895, 0.6694, 0.3785, 0.20612, 0.33655, 0.1444, 0.0002375, 0.1102, 0.20379, 0.09202727272727274], [1.0421, 0.99945, 0.6696, 0.38125, 0.20628, 0.17321666666666669, 0.14455714285714286, 0.0015249999999999999, 0.11128888888888888, 0.19854, 0.0028636363636363633], [0.9893000000000001, 0.9974500000000001, 0.6764333333333333, 0.397675, 0.030780000000000002, 0.18443333333333334, 0.0029285714285714284, 0.1224375, 0.22765555555555553, 0.41397, 0.5322272727272728], [0.9895999999999999, 1.0027, 0.6782333333333334, 0.6002000000000001, 0.4778, 0.3095, 0.7600714285714285, 0.5199374999999999, 0.5414222222222221, 0.52125, 0.5612999999999999], [0.9892, 1.0046, 0.6987333333333333, 0.577225, 0.52508, 0.5847333333333333, 0.8962142857142857, 0.6784125, 0.7062777777777778, 0.66374, 0.6776090909090909], [0.9864, 1.00435, 0.6785666666666667, 0.62755, 0.6339, 0.71055, 0.9024428571428572, 0.9608875, 0.671711111111111, 0.21606, 0.004763636363636364], [0.9893000000000001, 1.0038500000000001, 0.6782333333333334, 0.628, 0.63606, 0.19593333333333335, 0.00022857142857142857, 0.0016625000000000001, 7.777777777777778e-05, 4e-05, 0.004372727272727272]], "resteer": [[1.99, 2.99, 3.99, 4.99, 5.99, 6.99, 7.99, 8.99, 9.99, 10.99, 11.99], [1.99, 2.99, 3.99, 4.99, 5.99, 6.99, 7.99, 8.99, 9.99, 10.99, 11.99], [1.99, 2.99, 3.99, 4.99, 5.99, 6.99, 7.99, 8.99, 9.99, 10.99, 11.99], [1.99, 2.99, 3.99, 4.99, 5.99, 6.99, 7.99, 8.99, 9.99, 10.99, 11.99], [1.99, 2.99, 3.99, 4.99, 5.99, 6.99, 7.99, 8.99, 9.99, 10.99, 11.99], [1.99, 2.99, 3.99, 4.99, 5.99, 6.99, 7.99, 8.99, 9.99, 10.99, 11.99], [1.99, 2.99, 3.99, 4.99, 5.99, 6.99, 7.99, 8.99, 9.99, 10.99, 11.99], [1.99, 2.99, 3.99, 4.99, 5.99, 6.99, 7.99, 8.99, 9.99, 10.99, 11.99], [1.99, 2.99, 3.99, 4.99, 5.99, 6.99, 7.99, 8.99, 9.99, 10.99, 11.99], [1.99, 2.99, 3.99, 4.99, 5.99, 6.99, 7.99, 8.99, 9.99, 10.99, 11.99], [1.99, 2.99, 3.99, 4.99, 5.99, 6.99, 7.99, 8.99, 9.99, 10.99, 11.99], [1.99, 2.99, 3.99, 4.99, 5.99, 6.99, 7.99, 8.99, 9.99, 10.99, 11.99], [1.99, 2.99, 3.99, 4.99, 5.99, 6.99, 7.99, 8.99, 9.99, 10.99, 11.99], [1.99, 2.99, 3.99, 4.99, 5.99, 6.99, 7.99, 8.99, 9.99, 10.99, 11.99]], "mispred": [[0.0109, 0.00525, 0.0034333333333333334, 0.002625, 0.00206, 0.0017166666666666667, 0.0014714285714285714, 0.0012875, 0.0011444444444444445, 0.0010400000000000001, 0.0009272727272727273], [0.011000000000000001, 0.0052, 0.0035, 0.002625, 0.0021000000000000003, 0.0017333333333333335, 0.0014857142857142857, 0.0012875, 0.0011444444444444445, 0.00103, 0.0009363636363636364], [0.0104, 0.00525, 0.003466666666666667, 0.002575, 0.00206, 0.0017166666666666667, 0.0014857142857142857, 0.0012875, 0.0011333333333333334, 0.00103, 0.0009363636363636364], [0.0108, 0.00505, 0.003466666666666667, 0.002575, 0.00206, 0.0017333333333333335, 0.0014714285714285714, 0.0012875, 0.0011555555555555555, 0.00103, 0.0009363636363636364], [0.0106, 0.00525, 0.0034333333333333334, 0.0026, 0.00206, 0.0017000000000000001, 0.0014857142857142857, 0.0012875, 0.0011333333333333334, 0.00103, 0.0009272727272727273], [0.0109, 0.0051, 0.003466666666666667, 0.0026, 0.0020800000000000003, 0.00175, 0.0014571428571428572, 0.0012875, 0.0011444444444444445, 0.0010400000000000001, 0.0009454545454545454], [0.010700000000000001, 0.00515, 0.0035333333333333336, 0.00255, 0.0020800000000000003, 0.0017166666666666667, 0.0014857142857142857, 0.0013125, 0.0011666666666666668, 0.0010500000000000002, 0.0009272727272727273], [0.0106, 0.0052, 0.003466666666666667, 0.002625, 0.00206, 0.0017166666666666667, 0.0014714285714285714, 0.001275, 0.0011555555555555555, 0.0010400000000000001, 0.0009454545454545454], [0.0108, 0.0052, 0.0034000000000000002, 0.002625, 0.00206, 0.0017166666666666667, 0.0014714285714285714, 0.001275, 0.0011444444444444445, 0.00103, 0.0009545454545454546], [0.0106, 0.00525, 0.003466666666666667, 0.002575, 0.00206, 0.0017000000000000001, 0.0014571428571428572, 0.0012875, 0.0011444444444444445, 0.00102, 0.0009181818181818182], [0.0106, 0.0052, 0.0035, 0.0026, 0.00206, 0.00175, 0.0015285714285714286, 0.0013, 0.0011555555555555555, 0.00102, 0.0009454545454545454], [0.0106, 0.0051, 0.003466666666666667, 0.002625, 0.0021000000000000003, 0.0017333333333333335, 0.0014714285714285714, 0.0012875, 0.0011444444444444445, 0.00101, 0.0009363636363636364], [0.0102, 0.00525, 0.003466666666666667, 0.0026, 0.00204, 0.0017166666666666667, 0.0014714285714285714, 0.0013125, 0.0011333333333333334, 0.0010500000000000002, 0.0009454545454545454], [0.0108, 0.0052, 0.0035, 0.0026, 0.00204, 0.0017166666666666667, 0.0014857142857142857, 0.001275, 0.0011555555555555555, 0.0010400000000000001, 0.0009454545454545454]],