{"btb_nb_ways3": {"NB ways test 3": {"early": [[0.9895, 1.0043, 0.6784, 0.6666, 0.63524, 0.19608333333333333, 1.4285714285714285e-05, 0.076625, 0.08337777777777779, 0.00202, 0.021263636363636363, 0.0018000000000000002, 0.03773076923076923, 0.03945, 0.033826666666666665, 0.05353125, 0.04059411764705883, 0.04601111111111111, 0.023831578947368422, 0.03822, 0.045585714285714285, 0.024163636363636363, 0.041143478260869566, 0.04058333333333333], [0.9882, 1.0045, 0.6781666666666666, 0.627475, 0.6352000000000001, 0.19605, 0.0, 0.0001125, 0.0009777777777777777, 0.00279, 0.019490909090909093, 0.011941666666666666, 0.04598461538461539, 0.051178571428571434, 0.06372666666666667, 0.05295, 0.040182352941176475, 0.008616666666666667, 0.020431578947368422, 0.048955, 0.03704285714285715, 0.045, 0.04241739130434783, 0.04102083333333333]], "resteer": [[0.0003, 0.0002, 0.0001666666666666667, 0.0001, 0.0001, 0.16798333333333335, 0.8585857142857143, 0.8586125, 0.8666, 0.90104, 0.9100272727272727, 0.9175166666666666, 0.9238692307692308, 0.9293214285714285, 0.9340133333333334, 0.9381499999999999, 0.9418117647058823, 0.9450277777777778, 0.9479052631578947, 0.95052, 0.9528714285714286, 0.9550136363636365, 0.9569782608695653, 0.9587541666666668], [0.0003, 0.0001, 0.00013333333333333334, 0.00015, 0.0001, 0.16786666666666666, 0.8585999999999999, 0.8733375, 0.8898222222222223, 0.90099, 0.9100181818181818, 0.9175249999999999, 0.9238615384615384, 0.9293, 0.9340133333333334, 0.9381375, 0.9417705882352941, 0.9444611111111111, 0.9473947368421053, 0.9500149999999999, 0.9523904761904762, 0.9545681818181819, 0.9565478260869565, 0.9583708333333334]], "mispred": [[0.0104, 0.0051, 0.0034000000000000002, 0.002625, 0.0020800000000000003, 0.0017333333333333335, 0.0014714285714285714, 0.0012875, 0.0011444444444444445, 0.00103, 0.0009545454545454546, 0.0008500000000000001, 0.0007923076923076923, 0.0007285714285714286, 0.0006933333333333333, 0.00063125, 0.0006058823529411765, 0.0005666666666666667, 0.0005421052631578948, 0.000515, 0.0004857142857142857, 0.0004681818181818182, 0.0004521739130434783, 0.00042916666666666667], [0.0103, 0.0052, 0.0035, 0.00255, 0.00206, 0.0017333333333333335, 0.0014428571428571429, 0.0013125, 0.0011444444444444445, 0.00103, 0.0009454545454545454, 0.0008666666666666667, 0.0008076923076923078, 0.00075, 0.0006866666666666667, 0.0006375, 0.000611764705882353, 0.0005722222222222222, 0.0005526315789473685, 0.000515, 0.0004952380952380952, 0.0004681818181818182, 0.00044782608695652175, 0.00042916666666666667]], "late": [[0.041100000000000005, 0.01575, 0.012966666666666666, 0.1353, 0.0354, 0.20265, 0.003014285714285714, 0.2009375, 0.17188888888888887, 0.00556, 0.02278181818181818, 0.09102500000000001, 0.06648461538461539, 0.10727857142857143, 0.11743333333333333, 0.0721, 0.07931176470588236, 0.06512222222222222, 0.10016315789473684, 0.06852, 0.04879523809523809, 0.08098636363636363, 0.07358695652173913, 0.04305833333333334], [0.050199999999999995, 0.01565, 0.012366666666666666, 0.13075, 0.03588, 0.20271666666666666, 0.00847142857142857, 0.024399999999999998, 0.010499999999999999, 0.00996, 0.025827272727272726, 0.07079999999999999, 0.05481538461538462, 0.07087857142857143, 0.06566, 0.0812875, 0.06162352941176471, 0.10862222222222223, 0.056231578947368424, 0.051565, 0.0591, 0.09321363636363636, 0.045421739130434784, 0.08625833333333334]]}}}