{"btb_nb_ways2": {"NB ways test 2": {"early": [[0.0362, 0.8197, 0.6020666666666666, 0.03365, 0.23562, 0.36296666666666666], [0.0276, 0.80585, 0.5846666666666667, 0.1822, 0.23414, 0.36261666666666664], [0.0181, 0.7978000000000001, 0.5780666666666666, 0.238575, 0.3623, 0.3289833333333333], [0.026600000000000002, 0.24960000000000002, 0.44129999999999997, 0.50315, 0.50338, 0.33496666666666663], [0.3212, 0.9934000000000001, 0.008133333333333333, 0.2554, 0.20124, 0.17343333333333333], [0.9893000000000001, 0.99885, 0.6694666666666667, 0.377525, 0.20616, 0.17323333333333332], [0.9893000000000001, 0.99895, 0.6698333333333333, 0.3771, 0.20612, 0.17348333333333335], [0.9887999999999999, 0.9986499999999999, 0.6697666666666667, 0.37765, 0.20624, 0.3366166666666667], [0.9887999999999999, 0.9991500000000001, 0.6698, 0.38265, 0.20616, 0.30973333333333336], [0.9893000000000001, 0.99765, 0.6760666666666666, 0.3978, 0.03304, 0.18856666666666666], [0.9889, 1.0022499999999999, 0.6786666666666666, 0.60015, 0.47758, 0.30878333333333335], [0.9884999999999999, 1.00435, 0.6989333333333334, 0.5770000000000001, 0.52512, 0.5842166666666666], [0.9893000000000001, 1.0038500000000001, 0.6784, 0.66645, 0.63532, 0.6983166666666667], [0.9887999999999999, 1.0041, 0.6783333333333333, 0.62835, 0.63502, 0.19613333333333335], [0.9897, 1.0045, 0.6783, 1.0376, 0.6349199999999999, 0.19596666666666665], [0.986, 1.00405, 0.6787666666666666, 0.6256499999999999, 0.6352000000000001, 0.19603333333333334], [0.9894, 1.0038500000000001, 0.6786666666666666, 0.6278, 0.6353, 0.1963], [0.9892, 1.00395, 0.6785, 0.6635500000000001, 0.6354, 0.19351666666666667], [0.9887999999999999, 1.00435, 0.6786000000000001, 0.627575, 0.63528, 0.1936], [0.9890000000000001, 1.0043, 0.6791999999999999, 0.62745, 0.60124, 0.08335], [0.9894, 1.0023, 0.7477333333333334, 0.6870499999999999, 0.66342, 0.08073333333333332], [0.9893000000000001, 1.00285, 0.6988333333333333, 0.6868500000000001, 0.66344, 0.21823333333333333], [0.9895, 1.00245, 0.6988333333333333, 0.68675, 0.66374, 0.27386666666666665], [0.9887999999999999, 1.00215, 0.6988666666666666, 0.68695, 0.66324, 0.055883333333333333]], "resteer": [[0.0001, 0.0001, 0.0001666666666666667, 0.0001, 0.0001, 0.00023333333333333336], [0.0001, 0.0001, 0.00013333333333333334, 0.0001, 0.0001, 9.999999999999999e-05], [0.0003, 0.00015, 0.0001666666666666667, 0.000125, 0.0001, 9.999999999999999e-05], [0.0003, 0.0001, 9.999999999999999e-05, 0.0001, 0.00014000000000000001, 9.999999999999999e-05], [0.0002, 0.00015, 0.00013333333333333334, 0.0001, 0.00014000000000000001, 9.999999999999999e-05], [0.0002, 0.0001, 9.999999999999999e-05, 0.0001, 0.0001, 9.999999999999999e-05], [0.0001, 0.0001, 0.0001666666666666667, 0.000125, 0.0001, 9.999999999999999e-05], [0.0001, 0.0002, 9.999999999999999e-05, 0.0001, 0.0001, 0.00013333333333333334], [0.0003, 0.0002, 0.0001666666666666667, 0.000125, 0.0001, 0.00011666666666666668], [0.0001, 0.0001, 0.00013333333333333334, 0.0001, 0.0001, 0.00013333333333333334], [0.0001, 0.00015, 9.999999999999999e-05, 0.0001, 0.0001, 0.00013333333333333334], [0.0001, 0.0002, 9.999999999999999e-05, 0.00015, 0.00014000000000000001, 9.999999999999999e-05], [0.0002, 0.0002, 0.00013333333333333334, 0.000125, 0.0001, 0.00011666666666666668], [0.0002, 0.0001, 0.00013333333333333334, 0.000125, 0.00011999999999999999, 0.16785], [0.0001, 0.0001, 0.0001666666666666667, 0.0001, 0.00016, 0.16783333333333333], [0.0002, 0.0001, 0.0001666666666666667, 0.00015, 0.00014000000000000001, 0.16788333333333333], [0.0002, 0.0002, 0.0001666666666666667, 0.00015, 0.00014000000000000001, 0.16796666666666668], [0.0002, 0.0001, 0.0001666666666666667, 0.0001, 0.0001, 0.16743333333333332], [0.0002, 0.00015, 9.999999999999999e-05, 0.00015, 0.00011999999999999999, 0.17268333333333333], [0.0003, 0.0001, 0.0001666666666666667, 0.000125, 0.0001, 0.16840000000000002], [0.0003, 0.0002, 0.00019999999999999998, 0.0001, 0.00014000000000000001, 0.16765], [0.0002, 0.0001, 0.0001666666666666667, 0.0001, 0.0001, 0.16763333333333333], [0.0001, 0.0002, 0.00013333333333333334, 0.0001, 0.0001, 0.16761666666666666], [0.0006, 0.0001, 9.999999999999999e-05, 0.00015, 0.0001, 0.16763333333333333]], "mispred": [[0.0108, 0.0052, 0.0035333333333333336, 0.0026, 0.0021000000000000003, 0.0017333333333333335], [0.0106, 0.00525, 0.0034333333333333334, 0.002625, 0.00206, 0.00175], [0.0105, 0.0053, 0.0034333333333333334, 0.002575, 0.00206, 0.00175], [0.0106, 0.00525, 0.003466666666666667, 0.0026, 0.00206, 0.0017166666666666667], [0.0105, 0.0052, 0.003466666666666667, 0.002625, 0.0021000000000000003, 0.0017333333333333335], [0.0103, 0.0053, 0.003466666666666667, 0.0026, 0.00206, 0.0017166666666666667], [0.0108, 0.00525, 0.0034333333333333334, 0.002575, 0.0021000000000000003, 0.0017333333333333335], [0.0108, 0.0052, 0.003466666666666667, 0.002625, 0.0020800000000000003, 0.0017000000000000001], [0.010700000000000001, 0.0051, 0.0033666666666666667, 0.0026, 0.0020800000000000003, 0.0017000000000000001], [0.0108, 0.00525, 0.003466666666666667, 0.0026, 0.0020800000000000003, 0.0017166666666666667], [0.011000000000000001, 0.0052, 0.003466666666666667, 0.002625, 0.0020800000000000003, 0.0017166666666666667], [0.0108, 0.0051, 0.003466666666666667, 0.002525, 0.0020800000000000003, 0.00175], [0.0103, 0.0051, 0.0034333333333333334, 0.002575, 0.0020800000000000003, 0.0017166666666666667], [0.010700000000000001, 0.00525, 0.0034333333333333334, 0.0026, 0.0020800000000000003, 0.0017333333333333335], [0.0106, 0.00515, 0.0034333333333333334, 0.00265, 0.00206, 0.0017333333333333335], [0.0104, 0.00515, 0.003466666666666667, 0.002575, 0.00204, 0.0017333333333333335], [0.0105, 0.00515, 0.0035, 0.002625, 0.00204, 0.0017166666666666667], [0.010700000000000001, 0.0052, 0.0034000000000000002, 0.00265, 0.0020800000000000003, 0.0017333333333333335], [0.010700000000000001, 0.0051, 0.003466666666666667, 0.002625, 0.00206, 0.00175], [0.0104, 0.0052, 0.0034333333333333334, 0.0026, 0.0020800000000000003, 0.0017166666666666667], [0.0106, 0.00515, 0.0034333333333333334, 0.0026, 0.00204, 0.0017333333333333335], [0.010700000000000001, 0.00515, 0.0034333333333333334, 0.0026, 0.00206, 0.0017166666666666667], [0.0106, 0.0051, 0.003466666666666667, 0.002625, 0.00206, 0.0017166666666666667], [0.0106, 0.00525, 0.0035, 0.00255, 0.00206, 0.0017333333333333335]],