{"btb_nb_ways": {"NB ways test": {"early": [[0.0454, 0.81975, 0.5849, 0.171825, 0.23982, 0.36155000000000004], [0.0184, 0.81975, 0.6068666666666667, 0.17915, 0.23406, 0.36191666666666666], [0.0643, 0.659, 0.33486666666666665, 0.241175, 0.48522000000000004, 0.33036666666666664], [0.0263, 0.26095, 0.44376666666666664, 0.507825, 0.49989999999999996, 0.3496666666666667], [0.313, 0.99335, 0.021266666666666666, 0.255075, 0.20054, 0.17676666666666668], [0.9893000000000001, 0.99905, 0.6696333333333333, 0.377575, 0.20778, 0.23356666666666664], [0.9894, 0.9990000000000001, 0.6695333333333334, 0.377475, 0.20638, 0.17326666666666665], [0.9902, 0.9989, 0.6702333333333333, 0.37737499999999996, 0.20616, 0.17331666666666665], [0.9889, 0.9984999999999999, 0.6694333333333333, 0.37892499999999996, 0.20624, 0.17345], [0.9890000000000001, 0.9978, 0.6764, 0.397675, 0.0312, 0.18408333333333335], [0.9892, 1.00245, 0.6786333333333333, 0.60005, 0.47774, 0.30946666666666667], [1.0108, 1.0047, 0.6989666666666666, 0.60165, 0.52534, 0.58465], [0.9897, 1.0041, 0.6784666666666667, 0.627575, 0.6352000000000001, 0.6984], [0.9890000000000001, 1.0042, 0.6787666666666666, 0.6272, 0.6346, 0.19613333333333335], [0.9891, 1.0041, 0.6784, 0.62765, 0.63532, 0.19593333333333335], [0.9789, 1.00435, 0.6783666666666667, 0.6467, 0.63538, 0.19543333333333335], [0.9893000000000001, 1.0043, 0.6799, 0.6256, 0.63528, 0.1941], [0.9889, 1.0044499999999998, 0.6785333333333333, 0.6664749999999999, 0.6353, 0.19611666666666666], [0.985, 1.00435, 0.6786333333333333, 0.6664749999999999, 0.63454, 0.33158333333333334], [0.9887999999999999, 1.0043, 0.6785666666666667, 0.6272249999999999, 0.5442400000000001, 0.18521666666666667], [0.9892, 1.0022, 0.8197666666666666, 0.70515, 0.66284, 0.07021666666666668], [0.9887999999999999, 1.00215, 0.6988, 0.687225, 0.66104, 0.27349999999999997], [0.9876, 1.0022499999999999, 0.7183, 0.68695, 0.66152, 0.08331666666666666], [0.9895999999999999, 1.0022, 0.6987333333333333, 0.687, 0.38780000000000003, 0.05583333333333333]], "resteer": [[0.0001, 0.0001, 9.999999999999999e-05, 0.0001, 0.0001, 9.999999999999999e-05], [0.0001, 0.0001, 9.999999999999999e-05, 0.0001, 0.0001, 0.00011666666666666668], [0.0002, 0.0002, 0.0001666666666666667, 0.00015, 0.0001, 9.999999999999999e-05], [0.0003, 0.0001, 0.00013333333333333334, 0.00015, 0.00014000000000000001, 0.00013333333333333334], [0.0003, 0.00025, 0.00013333333333333334, 0.0001, 0.0001, 0.00013333333333333334], [0.0003, 0.0002, 9.999999999999999e-05, 0.0001, 0.00014000000000000001, 0.00015], [0.0001, 0.00015, 0.0001666666666666667, 0.0001, 0.00011999999999999999, 0.00011666666666666668], [0.0001, 0.0001, 0.00019999999999999998, 0.0001, 0.00014000000000000001, 0.00013333333333333334], [0.0001, 0.00025, 0.0001666666666666667, 0.0001, 0.0001, 9.999999999999999e-05], [0.0002, 0.0001, 9.999999999999999e-05, 0.0001, 0.0001, 0.00011666666666666668], [0.0001, 0.0002, 9.999999999999999e-05, 0.000125, 0.00011999999999999999, 0.00013333333333333334], [0.0001, 0.00015, 9.999999999999999e-05, 0.0001, 0.0001, 0.00013333333333333334], [0.0002, 0.00015, 0.00013333333333333334, 0.0001, 0.0001, 0.00011666666666666668], [0.0001, 0.00015, 9.999999999999999e-05, 0.0002, 0.0001, 0.16793333333333335], [0.0002, 0.0001, 0.00013333333333333334, 0.0001, 0.0001, 0.16788333333333333], [0.0002, 0.00015, 9.999999999999999e-05, 0.00015, 0.00014000000000000001, 0.16811666666666666], [0.0003, 0.0001, 0.00013333333333333334, 0.0001, 0.00016, 0.16746666666666668], [0.0002, 0.0001, 0.00013333333333333334, 0.0001, 0.00014000000000000001, 0.1679], [0.0003, 0.0002, 0.00013333333333333334, 0.00015, 0.0001, 0.16843333333333332], [0.0003, 0.00015, 9.999999999999999e-05, 0.00015, 0.00014000000000000001, 0.1675], [0.0003, 0.00015, 0.00019999999999999998, 0.0001, 0.00014000000000000001, 0.1676], [0.0003, 0.00025, 0.00019999999999999998, 0.00015, 0.00016, 0.16758333333333333], [0.0002, 0.0002, 0.0001666666666666667, 0.0001, 0.0001, 0.16846666666666665], [0.0001, 0.0002, 0.0001666666666666667, 0.000125, 0.1895, 0.16765]], "mispred": [[0.011000000000000001, 0.0052, 0.003466666666666667, 0.002575, 0.0020800000000000003, 0.0017333333333333335], [0.0104, 0.0052, 0.003466666666666667, 0.002625, 0.0020800000000000003, 0.00175], [0.0109, 0.00515, 0.0035, 0.002575, 0.0021000000000000003, 0.0017166666666666667], [0.0106, 0.0052, 0.0034333333333333334, 0.00255, 0.00204, 0.0017166666666666667], [0.0102, 0.00515, 0.003466666666666667, 0.002575, 0.0021000000000000003, 0.0017333333333333335], [0.0102, 0.00515, 0.003466666666666667, 0.002625, 0.00206, 0.0017666666666666668], [0.0108, 0.0053, 0.003466666666666667, 0.002575, 0.00206, 0.0017166666666666667], [0.0108, 0.0052, 0.0034000000000000002, 0.002625, 0.00204, 0.0016833333333333333], [0.0108, 0.00515, 0.003466666666666667, 0.002625, 0.0021000000000000003, 0.0017333333333333335], [0.010700000000000001, 0.00515, 0.003466666666666667, 0.002575, 0.00206, 0.0017166666666666667], [0.0108, 0.0052, 0.0034333333333333334, 0.0026, 0.00206, 0.0017166666666666667], [0.010700000000000001, 0.00515, 0.0035, 0.002575, 0.0020800000000000003, 0.0017000000000000001], [0.0105, 0.00525, 0.0034000000000000002, 0.002625, 0.0020800000000000003, 0.0017333333333333335], [0.0106, 0.00515, 0.0034333333333333334, 0.00255, 0.0021000000000000003, 0.0017333333333333335], [0.0105, 0.0053, 0.0034333333333333334, 0.0026, 0.0021000000000000003, 0.0017000000000000001], [0.0105, 0.0051, 0.003466666666666667, 0.00255, 0.00206, 0.0017166666666666667], [0.0105, 0.0053, 0.003466666666666667, 0.0026, 0.00204, 0.0017166666666666667], [0.0108, 0.0052, 0.0034333333333333334, 0.002625, 0.00204, 0.0017166666666666667], [0.0104, 0.0051, 0.0034000000000000002, 0.002525, 0.0021000000000000003, 0.0017166666666666667], [0.0106, 0.00515, 0.0034333333333333334, 0.00255, 0.00204, 0.0017166666666666667], [0.0106, 0.0052, 0.0034333333333333334, 0.0026, 0.00202, 0.0017166666666666667], [0.0106, 0.00515, 0.0034333333333333334, 0.002575, 0.0020800000000000003, 0.0017166666666666667], [0.010700000000000001, 0.00515, 0.0034000000000000002, 0.0026, 0.0021000000000000003, 0.0017166666666666667], [0.0106, 0.0052, 0.0034000000000000002, 0.00255, 0.0021000000000000003, 0.0017333333333333335]],