{"btb_set_collision": {"Set collision": {"early": [[0.24245, 0.2694625, 0.30848333333333333, 0.22876249999999998], [0.508725, 0.42021250000000004, 0.39361666666666667, 0.44209375], [0.2736, 0.17651250000000002, 0.1626, 0.17025625000000003], [0.25532499999999997, 0.000525, 0.003466666666666667, 0.061962500000000004], [0.377525, 0.000275, 0.001025, 0.06199375], [0.377575, 0.06255, 0.001825, 0.061950000000000005], [0.3837, 0.000375, 0.08174166666666667, 0.11351875], [0.39807499999999996, 0.2564625, 0.4680583333333333, 0.39494375], [0.39759999999999995, 0.670175, 0.7858416666666667, 0.620075], [0.6506000000000001, 0.5593875, 0.5582166666666667, 0.4373375], [0.7119, 0.6849625, 0.3600916666666667, 0.08845], [0.6655500000000001, 0.1886625, 9.166666666666667e-05, 0.01133125], [0.6467, 0.00015, 0.022541666666666668, 1.25e-05], [0.66645, 0.0, 0.03754166666666667, 0.0], [0.675975, 3.75e-05, 0.0, 6.25e-06], [0.6277, 0.0, 0.0, 0.0]], "resteer": [[0.000125, 0.0001125, 0.00011666666666666668, 0.0001], [0.00015, 0.000125, 0.00010833333333333334, 0.0001], [0.0002, 0.0001125, 0.00010833333333333334, 0.0001125], [0.00015, 0.0001125, 0.00013333333333333334, 0.00010625000000000001], [0.000125, 0.0001125, 0.00010833333333333334, 0.00010625000000000001], [0.0001, 0.0001125, 0.00010833333333333334, 0.0001125], [0.0001, 0.0001125, 0.00011666666666666668, 0.0001125], [0.0001, 0.000125, 9.999999999999999e-05, 0.00010625000000000001], [0.000125, 0.0001375, 0.00010833333333333334, 0.000125], [0.00015, 0.0001125, 0.00011666666666666668, 0.000125], [0.00015, 0.0001125, 0.08385833333333333, 0.43819375], [0.0001, 0.1263375, 0.66755, 0.6881625], [0.000125, 0.8762875, 0.9175333333333333, 0.9381375], [0.00015, 0.876275, 0.9175333333333333, 0.9380062499999999], [0.00015, 0.876275, 0.9166916666666667, 0.93751875], [0.000125, 0.8750125, 0.9166833333333333, 0.9375125]], "mispred": [[0.002575, 0.0012875, 0.0008416666666666667, 0.00065], [0.00255, 0.0013, 0.0008583333333333333, 0.00065], [0.002575, 0.0012875, 0.0008583333333333333, 0.00064375], [0.00255, 0.0013, 0.0008666666666666667, 0.00065], [0.002575, 0.001275, 0.0008583333333333333, 0.0006375], [0.0026, 0.0013125, 0.0008500000000000001, 0.0006375], [0.0026, 0.0012875, 0.0008500000000000001, 0.00065], [0.0026, 0.001275, 0.0008666666666666667, 0.00065], [0.0026, 0.0012875, 0.0008500000000000001, 0.00064375], [0.00255, 0.0012875, 0.0008583333333333333, 0.00064375], [0.002525, 0.0012875, 0.0008416666666666667, 0.00064375], [0.0026750000000000003, 0.0012875, 0.000875, 0.00065], [0.0026, 0.0013, 0.0008500000000000001, 0.00065], [0.002575, 0.0012625, 0.0008583333333333333, 0.0006625], [0.00255, 0.0012875, 0.0008666666666666667, 0.00064375], [0.002575, 0.0013, 0.0008583333333333333, 0.00065625]], "late": [[0.44689999999999996, 0.47424999999999995, 0.489675, 0.7285375000000001], [0.318675, 0.2384, 0.11286666666666667, 0.1208125], [0.007475000000000001, 0.0941125, 0.06308333333333334, 0.09267500000000001], [0.00565, 0.0027624999999999998, 0.002841666666666667, 0.0014249999999999998], [0.130075, 0.0026750000000000003, 0.0019666666666666665, 0.0015875], [0.130225, 0.0160125, 0.0018833333333333332, 0.0013875], [0.126075, 0.000375, 0.0003333333333333334, 0.06689375], [0.1246, 0.004175, 0.078975, 0.32258749999999997], [0.12275, 0.155425, 0.19818333333333332, 0.3869375], [0.141575, 0.14625, 0.2917666666666667, 0.46390625], [0.137925, 0.1487125, 0.404425, 0.3517], [0.13547499999999998, 0.5676125, 0.25575833333333337, 0.26300625], [0.14105, 0.137975, 0.11057499999999999, 0.06486875], [0.136, 0.0041375, 0.040175, 0.126775], [0.1592, 0.002775, 0.12938333333333332, 0.126275], [0.1319, 0.127325, 0.13255, 0.12635]]}}}